-- MySQL Administrator dump 1.4
--
-- ------------------------------------------------------
-- Server version	5.1.42-community


/*!40101 SET @OLD_CHARACTER_SET_CLIENT=@@CHARACTER_SET_CLIENT */;
/*!40101 SET @OLD_CHARACTER_SET_RESULTS=@@CHARACTER_SET_RESULTS */;
/*!40101 SET @OLD_COLLATION_CONNECTION=@@COLLATION_CONNECTION */;
/*!40101 SET NAMES utf8 */;

/*!40014 SET @OLD_UNIQUE_CHECKS=@@UNIQUE_CHECKS, UNIQUE_CHECKS=0 */;
/*!40014 SET @OLD_FOREIGN_KEY_CHECKS=@@FOREIGN_KEY_CHECKS, FOREIGN_KEY_CHECKS=0 */;
/*!40101 SET @OLD_SQL_MODE=@@SQL_MODE, SQL_MODE='NO_AUTO_VALUE_ON_ZERO' */;


--
-- Create schema cartera_sttay
--

CREATE DATABASE IF NOT EXISTS cartera_sttay;
USE cartera_sttay;

--
-- Temporary table structure for view `viewrcddetallado`
--
DROP TABLE IF EXISTS `viewrcddetallado`;
DROP VIEW IF EXISTS `viewrcddetallado`;
CREATE TABLE `viewrcddetallado` (
  `Id` varchar(20),
  `Fecha` date,
  `IdRecaudo` int(11),
  `Recibo` varchar(12),
  `IdAdjudicacion` varchar(15),
  `CuotaNum` int(11),
  `Capital` decimal(18,2),
  `InteresCte` decimal(18,2),
  `Cuota` decimal(18,2),
  `InteresMora` decimal(18,2),
  `InteresCnd` decimal(18,2),
  `MoraCalc` decimal(18,2),
  `SaldoIntMora` decimal(18,2),
  `concepto` varchar(2)
);

--
-- Temporary table structure for view `viewrcdresumido`
--
DROP TABLE IF EXISTS `viewrcdresumido`;
DROP VIEW IF EXISTS `viewrcdresumido`;
CREATE TABLE `viewrcdresumido` (
  `Id` varchar(20),
  `Fecha` date,
  `IdRecaudo` int(11),
  `Recibo` varchar(12),
  `IdAdjudicacion` varchar(15),
  `CuotaNum` int(11),
  `Capital` decimal(40,2),
  `InteresCte` decimal(40,2),
  `Cuota` decimal(40,2),
  `InteresMora` decimal(40,2),
  `InteresCnd` decimal(40,2),
  `MoraCalc` decimal(40,2),
  `SaldoIntMora` decimal(40,2),
  `concepto` varchar(2)
);

--
-- Definition of table `adjudicacion`
--

DROP TABLE IF EXISTS `adjudicacion`;
CREATE TABLE `adjudicacion` (
  `Id` int(11) NOT NULL AUTO_INCREMENT,
  `Fecha` datetime DEFAULT NULL,
  `IdAdjudicacion` varchar(15) NOT NULL DEFAULT '',
  `Contrato` varchar(15) DEFAULT NULL,
  `IdProyecto` varchar(200) DEFAULT NULL,
  `IdTercero1` varchar(40) DEFAULT NULL,
  `IdTercero2` varchar(40) DEFAULT NULL,
  `Idtercero3` varchar(40) DEFAULT NULL,
  `FormaPago` varchar(25) DEFAULT NULL,
  `Valor` decimal(20,2) DEFAULT NULL,
  `Contado` decimal(20,2) DEFAULT '0.00',
  `CuotaInicial` decimal(20,2) DEFAULT NULL,
  `Financiacion` decimal(20,2) DEFAULT NULL,
  `PlazoFnc` int(11) DEFAULT NULL,
  `TasaFnc` decimal(14,4) DEFAULT NULL,
  `CuotaFnc` decimal(10,2) DEFAULT NULL,
  `InicioFnc` datetime DEFAULT NULL,
  `CuotaExtra` decimal(10,2) DEFAULT '0.00',
  `InicioExtra` date DEFAULT NULL,
  `Usuario` varchar(12) DEFAULT NULL,
  `Estado` varchar(20) DEFAULT '',
  `FechaOperacion` datetime DEFAULT NULL,
  `Porcentaje` decimal(8,2) DEFAULT '0.30',
  `FechaEntrega` date DEFAULT NULL,
  `OrigenVenta` varchar(30) DEFAULT 'Normal',
  `BaseComision` decimal(10,2) DEFAULT '0.00',
  `Radicado` varchar(20) DEFAULT 'Pendiente',
  `FechaRadicacion` date DEFAULT NULL,
  `FechaContrato` date DEFAULT NULL,
  `UsuarioRadica` varchar(20) DEFAULT 'Pendiente',
  `IdCategoria` int(11) NOT NULL DEFAULT '0',
  `GastoLegal` decimal(18,2) NOT NULL DEFAULT '0.00',
  PRIMARY KEY (`Id`),
  UNIQUE KEY `IdAdjudicacion` (`IdAdjudicacion`),
  KEY `IdCategoria` (`IdCategoria`),
  KEY `IdTercero1` (`IdTercero1`),
  KEY `IdTercero2` (`IdTercero2`),
  CONSTRAINT `adjudicacion_ibfk_1` FOREIGN KEY (`IdCategoria`) REFERENCES `categorias` (`IdCategoria`) ON UPDATE CASCADE,
  CONSTRAINT `adjudicacion_ibfk_2` FOREIGN KEY (`IdTercero1`) REFERENCES `007guardian`.`terceros` (`IdTercero`) ON UPDATE CASCADE,
  CONSTRAINT `adjudicacion_ibfk_3` FOREIGN KEY (`IdTercero2`) REFERENCES `007guardian`.`terceros` (`IdTercero`) ON UPDATE CASCADE
) ENGINE=InnoDB AUTO_INCREMENT=25 DEFAULT CHARSET=latin1;

--
-- Dumping data for table `adjudicacion`
--

/*!40000 ALTER TABLE `adjudicacion` DISABLE KEYS */;
SET AUTOCOMMIT=0;
INSERT INTO `adjudicacion` (`Id`,`Fecha`,`IdAdjudicacion`,`Contrato`,`IdProyecto`,`IdTercero1`,`IdTercero2`,`Idtercero3`,`FormaPago`,`Valor`,`Contado`,`CuotaInicial`,`Financiacion`,`PlazoFnc`,`TasaFnc`,`CuotaFnc`,`InicioFnc`,`CuotaExtra`,`InicioExtra`,`Usuario`,`Estado`,`FechaOperacion`,`Porcentaje`,`FechaEntrega`,`OrigenVenta`,`BaseComision`,`Radicado`,`FechaRadicacion`,`FechaContrato`,`UsuarioRadica`,`IdCategoria`,`GastoLegal`) VALUES 
 (1,'2019-08-01 00:00:00','1','0003','','70098882','21.395.607','','Contado','1076020.00','1076020.00','0.00','0.00',0,'0.0000','0.00','0001-01-01 00:00:00','0.00','0001-01-01','eburgos','Aprobado','2019-08-06 14:56:01','0.00',NULL,'Normal','1076020.00','Pendiente',NULL,'2019-07-03','',5,'690580.00'),
 (2,'2019-08-06 00:00:00','2','0016',NULL,'1037584991',NULL,NULL,'Financiado','900000.00','0.00','0.00','900000.00',1,'0.0000','0.00','2019-08-31 00:00:00','0.00','0001-01-01','eburgos','Aprobado','2019-08-06 14:36:58','0.00',NULL,'Normal','900000.00','Pendiente',NULL,'2019-07-31',NULL,5,'599000.00'),
 (3,'2019-08-06 00:00:00','3','0015',NULL,'1039451161',NULL,NULL,'Financiado','891000.00','0.00','0.00','891000.00',5,'0.0000','0.00','2019-08-30 00:00:00','0.00','0001-01-01','eburgos','Aprobado','2019-08-06 15:43:36','0.00','0001-01-01','Normal','891000.00','Pendiente','0001-01-01','2019-07-30',NULL,5,'599000.00'),
 (4,'2019-08-06 00:00:00','4','0014',NULL,'71945321','71.624.162',NULL,'Financiado','891000.00','0.00','0.00','891000.00',4,'0.0000','0.00','2019-08-16 00:00:00','0.00','0001-01-01','eburgos','Aprobado','2019-08-06 16:06:53','0.00','0001-01-01','Normal','891000.00','Pendiente','0001-01-01','2019-07-30',NULL,5,'599000.00'),
 (5,'2019-08-06 00:00:00','5','0013',NULL,'71703878',NULL,NULL,'Contado','891000.00','891000.00','0.00','0.00',0,'0.0000','0.00','0001-01-01 00:00:00','0.00','0001-01-01','eburgos','Aprobado','2019-08-06 16:15:12','0.00','0001-01-01','Normal','891000.00','Pendiente','0001-01-01','2019-07-28',NULL,5,'599000.00'),
 (6,'2019-08-06 00:00:00','6','0011',NULL,'16483649','66732835',NULL,'Contado','6251000.00','6251000.00','0.00','0.00',0,'0.0000','0.00','0001-01-01 00:00:00','0.00','0001-01-01','eburgos','Aprobado','2019-08-06 16:24:24','0.00','0001-01-01','Normal','5301000.00','Pendiente','0001-01-01','2019-07-25',NULL,3,'599000.00'),
 (7,'2019-08-06 00:00:00','7','0004',NULL,'1045520646',NULL,NULL,'Financiado','1077067.00','0.00','0.00','1077067.00',2,'0.0000','0.00','2019-07-29 00:00:00','0.00','0001-01-01','eburgos','Aprobado','2019-08-06 16:42:55','0.00','0001-01-01','Normal','1077067.00','Pendiente','0001-01-01','2019-07-05',NULL,5,'691694.00'),
 (8,'2019-08-06 00:00:00','8','0010',NULL,'94479088','1017212577',NULL,'Financiado','891000.00','0.00','0.00','891000.00',5,'0.0000','0.00','2019-08-05 00:00:00','0.00','0001-01-01','eburgos','Aprobado','2019-08-06 17:32:36','0.00','0001-01-01','Normal','891000.00','Pendiente','0001-01-01','2019-07-24',NULL,5,'599000.00'),
 (9,'2019-08-06 00:00:00','9','0007',NULL,'71632758',NULL,NULL,'Financiado','891000.00','0.00','0.00','891000.00',2,'0.0000','0.00','2019-08-16 00:00:00','0.00','0001-01-01','eburgos','Aprobado','2019-08-06 17:40:24','0.00','0001-01-01','Normal','891000.00','Pendiente','0001-01-01','2019-07-14',NULL,5,'599000.00'),
 (10,'2019-08-09 00:00:00','10','0005',NULL,'70067580',NULL,NULL,'Financiado','1077695.00','0.00','0.00','1077695.00',2,'0.0000','0.00','2019-08-06 00:00:00','0.00','0001-01-01','eburgos','Aprobado','2019-08-09 11:14:32','0.00','0001-01-01','Normal','1077695.00','Pendiente','0001-01-01','2019-07-06',NULL,5,'691655.00'),
 (15,'2019-08-09 00:00:00','11','0009',NULL,'71644116',NULL,NULL,'Financiado','891000.00','0.00','0.00','891000.00',5,'0.0000','0.00','2019-08-24 00:00:00','0.00','0001-01-01','eburgos','Aprobado','2019-08-09 11:45:55','0.00','0001-01-01','Normal','891000.00','Pendiente','0001-01-01','2019-07-24',NULL,5,'599000.00'),
 (16,'2019-08-09 00:00:00','12','0012',NULL,'42790387','71687812',NULL,'Financiado','891000.00','0.00','0.00','891000.00',4,'0.0000','0.00','2019-08-28 00:00:00','0.00','0001-01-01','eburgos','Aprobado','2019-08-09 12:00:11','0.00','0001-01-01','Normal','891000.00','Pendiente','0001-01-01','2019-07-28',NULL,5,'599999.00'),
 (17,'2019-08-09 00:00:00','13','0006',NULL,'43000429',NULL,NULL,'Financiado','5301000.00','0.00','0.00','5301000.00',24,'0.0000','0.00','2019-08-15 00:00:00','0.00','0001-01-01','eburgos','Aprobado','2019-08-09 12:09:00','0.00','0001-01-01','Normal','5301000.00','Pendiente','0001-01-01','2019-06-09',NULL,3,'599000.00'),
 (18,'2019-08-09 00:00:00','14','0002',NULL,'1094798973',NULL,NULL,'Financiado','891000.00','0.00','0.00','891000.00',3,'0.0000','0.00','2019-07-16 00:00:00','0.00','0001-01-01','eburgos','Aprobado','2019-08-09 12:16:23','0.00','0001-01-01','Normal','891000.00','Pendiente','0001-01-01','2019-06-16',NULL,5,'599000.00'),
 (19,'2019-08-09 00:00:00','15','0008',NULL,'8427201','45515402',NULL,'Financiado','891000.00','0.00','0.00','891000.00',2,'0.0000','0.00','2019-08-18 00:00:00','0.00','0001-01-01','eburgos','Aprobado','2019-08-09 12:24:39','0.00','0001-01-01','Normal','891000.00','Pendiente','0001-01-01','2019-07-17',NULL,5,'599000.00'),
 (20,'2019-08-09 00:00:00','16','0001',NULL,'71376650',NULL,NULL,'Financiado','9301000.00','0.00','0.00','9301000.00',24,'0.0000','0.00','2019-08-20 00:00:00','0.00','0001-01-01','eburgos','Aprobado','2019-08-09 12:29:17','0.00','0001-01-01','Normal','9301000.00','Pendiente','0001-01-01','2019-06-12',NULL,1,'599000.00'),
 (21,'2019-08-09 00:00:00','17','0018',NULL,'71383654',NULL,NULL,'Financiado','891000.00','0.00','0.00','891000.00',4,'0.0000','0.00','2019-09-07 00:00:00','0.00','0001-01-01','eburgos','Aprobado','2019-08-09 13:12:02','0.00','0001-01-01','Normal','891000.00','Pendiente','0001-01-01','2019-08-07',NULL,5,'599000.00'),
 (22,'2019-08-09 00:00:00','18','0017',NULL,'3362459',NULL,NULL,'Financiado','891000.00','0.00','0.00','891000.00',5,'0.0000','0.00','2019-08-28 00:00:00','0.00','0001-01-01','eburgos','Aprobado','2019-08-09 16:05:20','0.00','0001-01-01','Normal','891000.00','Pendiente','0001-01-01','2019-08-07',NULL,5,'599000.00'),
 (23,'2019-08-10 00:00:00','19','0019',NULL,'71582827','43539446',NULL,'Financiado','891000.00','0.00','0.00','891000.00',5,'0.0000','0.00','2019-08-16 00:00:00','0.00','0001-01-01','eburgos','Aprobado','2019-08-10 11:29:02','0.00','0001-01-01','Normal','891000.00','Pendiente','0001-01-01','2019-08-09',NULL,5,'599000.00'),
 (24,'2019-08-10 00:00:00','20','0020',NULL,'43734941','98571107',NULL,'Financiado','5301000.00','0.00','0.00','5301000.00',5,'0.0000','0.00','2019-08-16 00:00:00','0.00','0001-01-01','eburgos','Aprobado','2019-08-10 13:19:02','0.00','0001-01-01','Normal','5301000.00','Radicado','2019-08-10','2019-08-09','eburgos',3,'599000.00');
COMMIT;
/*!40000 ALTER TABLE `adjudicacion` ENABLE KEYS */;


--
-- Definition of table `categorias`
--

DROP TABLE IF EXISTS `categorias`;
CREATE TABLE `categorias` (
  `IdCategoria` int(11) NOT NULL AUTO_INCREMENT,
  `Nombre` varchar(255) NOT NULL DEFAULT '',
  `Valor` decimal(18,2) NOT NULL DEFAULT '0.00',
  `Años` int(11) NOT NULL DEFAULT '0',
  PRIMARY KEY (`IdCategoria`),
  KEY `IdCategoria` (`IdCategoria`)
) ENGINE=InnoDB AUTO_INCREMENT=6 DEFAULT CHARSET=latin1;

--
-- Dumping data for table `categorias`
--

/*!40000 ALTER TABLE `categorias` DISABLE KEYS */;
SET AUTOCOMMIT=0;
INSERT INTO `categorias` (`IdCategoria`,`Nombre`,`Valor`,`Años`) VALUES 
 (1,'CROWN','9900000.00',10),
 (2,'DIAMOND','7900000.00',8),
 (3,'PLATINUM','5900000.00',5),
 (4,'GOLD','3900000.00',3),
 (5,'SILVER','1490000.00',1);
COMMIT;
/*!40000 ALTER TABLE `categorias` ENABLE KEYS */;


--
-- Definition of table `comision`
--

DROP TABLE IF EXISTS `comision`;
CREATE TABLE `comision` (
  `IdComision` int(11) NOT NULL AUTO_INCREMENT,
  `IdAdjudicacion` varchar(15) NOT NULL DEFAULT '0',
  `Fecha` datetime DEFAULT NULL,
  `LlaveComision` varchar(15) DEFAULT NULL,
  `IdTercero` varchar(40) NOT NULL DEFAULT '',
  `IdCargo` int(11) NOT NULL DEFAULT '0',
  `Comision1` decimal(10,3) DEFAULT '0.000',
  `Comision2` decimal(10,3) NOT NULL DEFAULT '0.000',
  `Comision3` decimal(10,3) NOT NULL DEFAULT '0.000',
  `Veces` int(11) NOT NULL DEFAULT '2',
  `Estado` varchar(40) NOT NULL DEFAULT 'Pendiente',
  `Usuario` varchar(15) NOT NULL DEFAULT '',
  `FechaOperacion` datetime DEFAULT NULL,
  PRIMARY KEY (`IdComision`),
  UNIQUE KEY `IdComision` (`LlaveComision`),
  KEY `IdAdjComision` (`IdAdjudicacion`),
  KEY `IdCargo` (`IdCargo`),
  CONSTRAINT `comision_ibfk_2` FOREIGN KEY (`IdAdjudicacion`) REFERENCES `adjudicacion` (`IdAdjudicacion`) ON UPDATE CASCADE,
  CONSTRAINT `comision_ibfk_1` FOREIGN KEY (`IdCargo`) REFERENCES `tablacomision` (`IdCargo`) ON UPDATE CASCADE
) ENGINE=InnoDB AUTO_INCREMENT=14 DEFAULT CHARSET=latin1;

--
-- Dumping data for table `comision`
--

/*!40000 ALTER TABLE `comision` DISABLE KEYS */;
SET AUTOCOMMIT=0;
INSERT INTO `comision` (`IdComision`,`IdAdjudicacion`,`Fecha`,`LlaveComision`,`IdTercero`,`IdCargo`,`Comision1`,`Comision2`,`Comision3`,`Veces`,`Estado`,`Usuario`,`FechaOperacion`) VALUES 
 (1,'20','2019-08-10 13:58:30','8ADJ20','144213346',8,'4.000','4.000','4.000',2,'Pendiente','eburgos','2019-08-10 13:58:30'),
 (2,'20','2019-08-10 13:58:30','9ADJ20','078775693',9,'8.000','8.000','8.000',2,'Pendiente','eburgos','2019-08-10 13:58:30'),
 (3,'20','2019-08-10 13:58:30','5ADJ20','1100543151',5,'1.000','1.000','1.000',2,'Pendiente','eburgos','2019-08-10 13:58:30'),
 (4,'20','2019-08-10 13:58:30','11ADJ20','1037661460',11,'0.189','0.189','0.189',2,'Pendiente','eburgos','2019-08-10 13:58:30'),
 (5,'20','2019-08-10 13:58:30','4ADJ20','143596673',4,'2.500','2.500','2.500',2,'Pendiente','eburgos','2019-08-10 13:58:30'),
 (6,'20','2019-08-10 13:58:30','12ADJ20','72429213',12,'1.500','1.500','1.500',2,'Pendiente','eburgos','2019-08-10 13:58:30'),
 (7,'20','2019-08-10 13:58:30','13ADJ20','1216725928',13,'1.000','1.000','1.000',2,'Pendiente','eburgos','2019-08-10 13:58:30'),
 (8,'20','2019-08-10 13:58:30','10ADJ20','1214716210',10,'1.000','1.000','1.000',2,'Pendiente','eburgos','2019-08-10 13:58:30'),
 (9,'20','2019-08-10 13:58:30','14ADJ20','19047971',14,'0.500','0.500','0.500',2,'Pendiente','eburgos','2019-08-10 13:58:30'),
 (10,'20','2019-08-10 13:58:30','15ADJ20','8014204',15,'1.500','1.500','1.500',2,'Pendiente','eburgos','2019-08-10 13:58:30'),
 (11,'20','2019-08-10 13:58:30','1ADJ20','8-1007-295',1,'2.000','2.000','2.000',2,'Pendiente','eburgos','2019-08-10 13:58:30'),
 (12,'20','2019-08-10 13:58:30','2ADJ20','71763847',2,'2.000','2.000','2.000',2,'Pendiente','eburgos','2019-08-10 13:58:30'),
 (13,'20','2019-08-10 13:58:30','3ADJ20','8-1007-293',3,'2.000','2.000','2.000',2,'Pendiente','eburgos','2019-08-10 13:58:30');
COMMIT;
/*!40000 ALTER TABLE `comision` ENABLE KEYS */;


--
-- Definition of table `datosrecaudos`
--

DROP TABLE IF EXISTS `datosrecaudos`;
CREATE TABLE `datosrecaudos` (
  `Transaccion` int(11) DEFAULT NULL,
  `IdRecaudo` int(11) NOT NULL DEFAULT '0',
  `IdAdjudicacion` varchar(15) DEFAULT NULL,
  `Fecha` date NOT NULL,
  `NumRecibo` varchar(12) NOT NULL,
  `IdTercero` varchar(40) DEFAULT '',
  `Operacion` varchar(40) NOT NULL DEFAULT '',
  `Valor` decimal(18,2) NOT NULL DEFAULT '0.00',
  `CodBanco` varchar(20) DEFAULT '',
  `FormaPago` varchar(25) DEFAULT NULL,
  `Detalle` varchar(255) DEFAULT '',
  `Usuario` varchar(15) NOT NULL DEFAULT '',
  `FechaOperacion` date DEFAULT NULL,
  PRIMARY KEY (`IdRecaudo`),
  UNIQUE KEY `NumRecibos` (`NumRecibo`),
  KEY `IdTercero` (`IdTercero`),
  KEY `IdAdjudicacion` (`IdAdjudicacion`),
  CONSTRAINT `datosrecaudos_ibfk_3` FOREIGN KEY (`IdAdjudicacion`) REFERENCES `adjudicacion` (`IdAdjudicacion`) ON UPDATE CASCADE,
  CONSTRAINT `datosrecaudos_ibfk_2` FOREIGN KEY (`IdTercero`) REFERENCES `007guardian`.`terceros` (`IdTercero`) ON UPDATE CASCADE
) ENGINE=InnoDB DEFAULT CHARSET=latin1;

--
-- Dumping data for table `datosrecaudos`
--

/*!40000 ALTER TABLE `datosrecaudos` DISABLE KEYS */;
SET AUTOCOMMIT=0;
INSERT INTO `datosrecaudos` (`Transaccion`,`IdRecaudo`,`IdAdjudicacion`,`Fecha`,`NumRecibo`,`IdTercero`,`Operacion`,`Valor`,`CodBanco`,`FormaPago`,`Detalle`,`Usuario`,`FechaOperacion`) VALUES 
 (1,1,'1','2019-07-03','0004','70098882','MU','1766600.00',NULL,'Vaucher','PAGO TOTALIDAD DE CONTRATO','eburgos','2019-08-06'),
 (12,12,'7','2019-07-29','0015','1045520646','Multiple','1568761.00',NULL,'Vaucher','PAGO DE CUOTA INICIAL Y RESTANTE DE GASTOS LEGALES ','EBURGOS','2019-08-09'),
 (3,13,'16','2019-06-16','0001','71376650','Gastos Legales','500000.00',NULL,'Efectivo','ABONO A GASTOS LEGALES','jvillalba','2019-08-09'),
 (4,14,'14','2019-06-16','0002','1094798973','Gastos Legales','500000.00',NULL,'Efectivo','ABONO A GASTOS LEGALES','jvillalba','2019-08-09'),
 (5,15,'7','2019-07-05','0005','1045520646','Gastos Legales','200000.00',NULL,'Vaucher','ABONO A GASTOS LEGALES','jvillalba','2019-08-09'),
 (6,16,'10','2019-07-06','0006','70067580','Gastos Legales','480000.00',NULL,'Efectivo','ABONO A GASTOS LEGALES','jvillalba','2019-08-09'),
 (7,17,'10','2019-07-08','0007','70067580','Gastos Legales','200000.00',NULL,'Efectivo','ABONO A GASTOS LEGALES','jvillalba','2019-08-09'),
 (8,18,'13','2019-07-08','0008','43000429','Multiple','1770000.00',NULL,'Vaucher','PAGO GASTOS LEGALES Y ABONO CUOTA INICIAL','jvillalba','2019-08-09'),
 (9,19,'9','2019-07-16','0009','71632758','Multiple','1000000.00',NULL,'Vaucher','PAGO GASTOS LEGALES Y ABONO CUOTA INICIAL','jvillalba','2019-08-09'),
 (10,20,'15','2019-07-17','0010','8427201','Gastos Legales','200000.00',NULL,'Efectivo','ABONO A GASTOS LEGALES','jvillalba','2019-08-09'),
 (11,21,'12','2019-07-28','0013','42790387','Gastos Legales','500000.00',NULL,'Vaucher','ABONO A GASTOS LEGALES','jvillalba','2019-08-09'),
 (13,23,'14','2019-08-02','0018','1094798973','Multiple','500000.00',NULL,'Vaucher','PAGO GL Y ABONO CUOTA INICIAL','EBURGOS','2019-08-09'),
 (14,24,'6','2019-07-25','0012','16483649','Multiple','6850000.00',NULL,'Vaucher','PAGO CONTRATO','EBURGOS','2019-08-09'),
 (15,25,'5','2019-07-28','0014','71703878','Multiple','1490000.00',NULL,'Vaucher','PAGO CONTRATO','EBURGOS','2019-08-09'),
 (16,26,'3','2019-07-30','0016','1039451161','Gastos Legales','500000.00',NULL,'Vaucher','ABONO  A GASTOS LEGALES','EBURGOS','2019-08-09'),
 (17,27,'2','2019-07-31','0017','1037584991','Gastos Legales','300000.00',NULL,'Vaucher','ABONO A GASTOS LEGALES','EBURGOS','2019-08-09'),
 (24,28,'20','2019-08-09','0019','43734941','Multiple','2950000.00',NULL,'Vaucher','PAGO DE GASTOS LEGALES Y ABONO CUOTA INICIAL ','eburgos','2019-08-10');
COMMIT;
/*!40000 ALTER TABLE `datosrecaudos` ENABLE KEYS */;


--
-- Definition of table `empresa`
--

DROP TABLE IF EXISTS `empresa`;
CREATE TABLE `empresa` (
  `Id` int(11) NOT NULL AUTO_INCREMENT,
  `Nit` varchar(60) NOT NULL DEFAULT '',
  `NombreEmpresa` varchar(255) NOT NULL DEFAULT '',
  `Logo` longblob,
  `Imageb` longblob,
  `Direccion` varchar(255) NOT NULL DEFAULT '',
  `Telefono` varchar(20) DEFAULT NULL,
  `Celular` varchar(20) NOT NULL DEFAULT '',
  `Email` varchar(255) DEFAULT NULL,
  `Decimales` int(11) NOT NULL DEFAULT '0',
  PRIMARY KEY (`Id`)
) ENGINE=InnoDB AUTO_INCREMENT=2 DEFAULT CHARSET=latin1;

--
-- Dumping data for table `empresa`
--

/*!40000 ALTER TABLE `empresa` DISABLE KEYS */;
SET AUTOCOMMIT=0;
INSERT INTO `empresa` (`Id`,`Nit`,`NombreEmpresa`,`Logo`,`Imageb`,`Direccion`,`Telefono`,`Celular`,`Email`,`Decimales`) VALUES 
 (1,'','Sttey',NULL,0xFFD8FFE000104A46494600010101000000000000FFDB004300030202020202030202020303030304060404040404080606050609080A0A090809090A0C0F0C0A0B0E0B09090D110D0E0F101011100A0C12131210130F101010FFDB00430103030304030408040408100B090B1010101010101010101010101010101010101010101010101010101010101010101010101010101010101010101010101010FFC0001108021F050003012200021101031101FFC4001E0001000203000301010000000000000000000809040607010305020AFFC4006110000103020303040A0B0B0A030604070000010203040506071108122109314151131422373861717581B319323557749195A1B2B4D31517234252627682B1C2D21833535672739294A2C116248325344363A3F05496D1E13644556493C3F1FFC4001C0101000202030100000000000000000000000506040701020308FFC40042110100010203030808050401020603000000010203040511062131123441517181B1C1131432617291A1D115225253E1073342F0F116242335436292B282A2C2FFDA000C03010002110311003F00EE0003E5C5680000000000000000000000000000000000000000000000C8B7DBABAEB5915BEDD4B25454CEEDD8E3626AAE53B534CD7314D31ACC9C5E8631F239191B55CE72E88889AAAAF51DBB2CF22D5FD8AFB8DE0546AA23E1A055E2BD4B2FF0FC7D46D396193D43845915E2F6D8EAAF0E6A2A74C74DAF437ADDF9DF178FA59B5F6676269B3C9C5E671AD5C628E88F8BAE7DDC23A7DD2986C1C47E7B9F27E228A2822641046D8E38DA8D631A9A2351399113A10FD806CA88D3742440000000000000000000000000000000000000000000000000000000000000000000000000000000000000000000000000000000000000000000000000000000000000000000000000000000000000000000000000000000000000000000000000000000000000000000000000000000000000000000000000000000000F0AA888AAABA227150284F37D51735F192A2EA9F77ABFD7BCD44D9332A464B98D8AA589C8E63EF75CE6B939951677E8A6B66CDB7BA88EC6B3BB3ADCAA7DF219767F75A8BE131FD24310CBB3FBAD45F098FE921DA783AD1ED42CB4007C1AB480000000000000000000000000000000000000000019F63B1DCF11DCE1B45A299D3D4CEED1AD4E644E972AF42274A9DEDDBAEED714511ACCEE888E9222667482C562BA624B9C368B3D2BAA2A675D1AD4E644E972AF42274A927F2DF2CAD780E8525546D45D676695152A9ED75E2AC675379BCBA6BE24F765D65D5AF015B3B1C68D9EE13A22D4D52A7172FE4B7A9A9FFF00A6DE6E8D95D93A32AA63158B8D6F4FCA9ECF7F5CF7475CCC61B0B16A395571F00005E19A0000000000000000000000000000000000000000000000000000000000000000000000000000000000000000000000000000000000000000000000000000000000000000000000000000000000000000000000000000000000000000000000000000000000000000000000000000000000000000000000000000000000001EBA876ED3CAEEA6397E63D863D7BB7686A1DD513D7E6510280715CC9538A2F150D6AA24B5F50F445E8D64729F28F756CFDB3593D46F2BBB2CAE7EABCEBAAAAEA7A4D9F4C69110D6354EB54C865D9FDD6A2F84C7F490C432ECFEEB517C263FA48278147B50B2D001F06AD2000000000000000000000000000000000000007B29E9E7AB9E3A5A585F34D2B9191C6C6EAE73979911139D4E622667481EFB4DA6E17CB8C169B5D33E7AAA976E46C6A715E955F12226AAABD0884A8CB7CBBB7E02B5246DDD9EE350D45AAA9DDE75FC86F5353E7E73032A32CE9F03DB7B76BDAD92F156D4599FCE90B57FF0DBFEEBD2BE437F3746C8ECB465744633171FF8D3C23F4C7DE7A7AB875A630986F451CBAB8F80002F4CD00000000000000000000000000000000000000000000000000000000000000000000000000000000000000000000000000000000000000000000000000000000000000000000000000000000000000000000000000000000000000000000000000000000000000000000000000000000000000000000000000000000000000000F838FEE2EB3E04C4776648E63A8AD159528E6A6AAD5642E76A9E3E07DE341DA02B9B6CC88CC6B839FBBD8309DD9ED5DEDDEE92925D1117AD57444F19DED472AB88F7BAD757269999511000D9AD6219767F75A8BE131FD24310CBB3FBAD45F098FE921C4F076A3DA8596800F83569000000000000000000000000000000000000090D927960965A7662DBF53AA5C276FF00CAC2F4FE6235FC654FCA5F993CA6A392396897FAC6E2ABDC0AB6EA47FF00CB46E4E13CA9D2BD6D6FCEBE452459B4762366B5D334C5C7C113FF00DBEDF3EA4960B0DFFAB5F700036924C0000000000000000000000000000000000000000000000000000000000000000000000000000000000000000000000000000000000000000000000000000000000000000000000000000000000000000000000000000000000000000000000000000000000000000000000000000000000000000000000000000000000000000000038D6D8D5CEB76CC198D50D55457D964839B5E123DB1AFD23B291D3940EE4B6FD95717448BFF007D7D1532F0D79EA6377EE19383A79588B71EF8F163E2EAE4E1EBABDD3E0A6F001B1DADC32ECFEEB517C263FA486219767F75A8BE131FD24389E0ED47B50B2D001F06AD2000000000000000000000000000000001B4E5D607AAC758823B7337A3A387492AE644F691F5278D74D13FFB1AF505055DD2B60B750C2E96A2A1E91C6C6F3B9CA4B4CBDC174B81F0E436A8D18FAA7E92D5CCD4FE72554E3C79F44E64FF00EE5AF64F209CEB17CABB1FF8546FABDFD54F7F4FBBB99385B1E9AAD67843EFD050525AE8A0B750C2D869E9D891C6C6A706B5398C800DEF4D31444534C69109CE0000E40000000000000000000000000000003D2FABA462E8FAA85BE57A201EE061545EACD490BEA2AAED450C51A6AF9249D8D6B53AD555744105EACF550B2A296ED47345226AC7C73B1CD7275A2A2E8A73A4B8D619A0F4B6B291FED2AA17791E8A7B8E1C8000000000000000000000000000000000000000000000000000000000000000000000000000000000000000000000000000000000000000000000000000000000000000000000000000000000000000000000000000000000000000000000000000000000000000000000000000044DE533B9B68B66C751AAF755D7CA38939B99BBEE5FA24B2212F2AB5C994F93D852D9BFDDD6621DFDDEB6B29E4D57E3737E333F2CA7958CB71EF60E65572709727DCABE001B05AF432ECFEEB517C263FA486219767F75A8BE131FD24389E0ED47B50B2D001F06AD20000000000000000000000000000006DF9618225C718962A39115B434DA4D58F44FC445E0D4F1B9787C6BD064E130B771D7E8C3D98D6AAA748FF7C5DA8A66BAA298E32E9B9058012929971ADD69FF000D508ACA16BD3DA47D3269D6BCC8BD5AF59D9CFC430C54F1320858D6471B51AC6B5344444E08887ECFA1F28CAED64F84A30B6BA38CF5CF4CFF00BD1B93F6ADC5AA229800049BD00000000000000000000000D0B3833C32DB2330EFFC4798B8862A18E5DE4A5A56E8FA9AC7B538B628F9DCA9AA6ABCC9AA6AA9A9DA8A2AB95453446B32EB5D74D14CD554E910DF4E6B9A1B4764AE4EC32AE3DC7F6DA2AA89157B4227ACF56F5EA4863D5DD1CEA8889D2A857167DF28A66CE673EAEC797CF930561E915D1B56964D6E13C7D6F993F9B554E88F4D39B797A627D4545455CCFA9AA9E49A691CAE7C92395CE72AF3AAAAF1552C584D9FAEB8E562274F7471F9FF00CABD8BDA0A289E4E1E35F7CF0FBF82C671EF2ADD8E9DD2D3E5A658D5D669BCD6555E6A5B0B57A9DD8A3DE5D3C5BC9E823C637E50FDA7B184923687175161AA57F0ED7B35046CD13FBD951F2A2F91C846904E59CAB096785113DBBFC5077B36C65EE35E9D9B9BE5F33E73AF1248E96F79AF8AEADCEE7DFBACC9F32390D46AEFB7BAF72BEBAF15D52E5E759AA1EF55E8E9530419B4DBA28F662218555DAEBDF55533DE000EEF366D2DF2F542EDEA2BC56D3AA74C550F62FCCA6D966CF5CE8C3D2365B2E6AE2BA4733DAAB2ED3F0F8DC68C0E955BA2AF6A225DE9BB5D1ECD531DE91983F940B6A4C252C7D971EC57EA662EAB4F78A086647789646B5B2FFACEF7827957AB1AB1C398B9550C89CD25459AB15BE948A5D7E2DF2BE0187772BC25EF6A88EEDDE0CDB59AE32CF0AE67B77F8AE932C76DAD9CB34D90C16DC790D9AE32E89F73EF6DED39917A91CEFC13FF0055EA77486686A6165453CAC96291A8E63D8E4735C8BCCA8A9C150FE79CEB592FB4BE79E4ED7D3D165F62EAE9696695AC6D9AA956A69257B951111B13BDAB95744D59BAABD643E2767A34E558ABBA7EE98C36D0CCCF26FD1DF1F6FE57820C2B2BAEAFB3503EFAC81972752C4B58D835EC693EE2764466AAABBBBDAE9AAF319A55A772D00000E4DB4FE76D6ECFB94F579914187E0BCCD4D594D4A94B34EB0B5C92BF7557791157879086BECB2E2AF798B57CB127D91DFB949BC172E9E76B7FAD2A24B464D97E1B15879AEED3ACEB3D7EE55F38CC31386C4722D55A4691D5EF4F8F6597157BCC5ABE5893EC87B2CB8ABDE62D5F2C49F6440704B7E0F82FDBFACFDD13F8C637F73E91F64F8F6597157BCC5ABE5893EC87B2CB8ABDE62D5F2C49F6440703F07C17EDFD67EE7E318DFDCFA47D93E3D965C55EF316AF9624FB21ECB2E2AF798B57CB127D9101C0FC1F05FB7F59FB9F8C637F73E91F64F8F6597157BCC5ABE5893EC87B2CB8ABDE62D5F2C49F6440703F07C17EDFD67EE7E318DFDCFA47D93E3D965C55EF316AF9624FB21ECB2E2AF798B57CB127D9101C0FC1F05FB7F59FB9F8C637F73E91F64F8F6597157BCC5ABE5893EC87B2CB8ABDE62D5F2C49F6440703F07C17EDFD67EE7E318DFDCFA47D93E3D965C55EF316AF9624FB21ECB2E2AF798B57CB127D9101C0FC1F05FB7F59FB9F8C637F73E91F64F8F6597157BCC5ABE5893EC87B2CB8ABDE62D5F2C49F6440703F07C17EDFD67EE7E318DFDCFA47D93E3D965C55EF316AF9624FB21ECB2E2AF798B57CB127D9101C0FC1F05FB7F59FB9F8C637F73E91F64F8F6597157BCC5ABE5893EC87B2CB8ABDE62D5F2C49F6440703F07C17EDFD67EE7E318DFDCFA47D93E3D965C55EF316AF9624FB21ECB2E2AF798B57CB127D9101C0FC1F05FB7F59FB9F8C637F73E91F64F8F6597157BCC5ABE5893EC87B2CB8ABDE62D5F2C49F6440703F07C17EDFD67EE7E318DFDCFA47D93E3D965C55EF316AF9624FB21ECB2E2AF798B57CB127D9101C0FC1F05FB7F59FB9F8C637F73E91F64F8F6597157BCC5ABE5893EC87B2CB8ABDE62D5F2C49F6440703F07C17EDFD67EE7E318DFDCFA47D93E3D965C55EF316AF9624FB21ECB2E2AF798B57CB127D9101C0FC1F05FB7F59FB9F8C637F73E91F65E9ECED9B3559E194362CCDADB2C5699AEFD9F7A92299656C7D8E67C7C1CA88ABAEE6BCDD274823CEC05E0A182BC95DF5C9890C523154536EFD7453C2267C578C35535D9A2AAB8CC4780003C1EC00000000D2334331FEF7B454334340CAC9EB65735237C8AC4463535576A88BD2AD4F49CEFF0094B5CBFAA74DFE69DFC27CEDA2AE9DB58B692D6D7EA943488AE4EA73D75FD88D3941A7B6936AB32C366776C612EF268A674D34A677C446BC627A7544E2315729B934D13BA1DA3F94B5CBFAA74DFE69DFC23F94B5CBFAA74DFE69DFC2717041FF00D619DFEFCFCA9FB3C3D6EF7EAF0768FE52D72FEA9D37F9A77F08FE52D72FEA9D37F9A77F09C5C0FF00AC33BFDF9F953F63D6EF7EAF0768FE52D72FEA9D37F9A77F08FE52D72FEA9D37F9A77F09C5C0FF00AC33BFDF9F953F63D6EF7EAF04C3C0B8A9B8CF0CD2DFFB5DB03E75735F135DBC8C735CA8A9A9B01C6766EBD24D6BBAD82477754D332A6345FC97A68ED3C8AD4FF11D98DCB9063E732CB6CE26A9D6A98DFDB1BA7EB098B15FA4B7154800261EA000000001C7B1967BD7616C4D5F608B0EC150DA3911892BAA15AAED5A8BCDBBC39CEC244BCDDEF8F7CFEFDBEADA53B6D733C5E5582B777095F26A9AF499D22776933D313D4C4C65CAAD511344E9BDBCFF00296B97F54E9BFCD3BF847F296B97F54E9BFCD3BF84E2E0D67FF58677FBF3F2A7EC8DF5BBDFABC1DA3F94B5CBFAA74DFE69DFC23F94B5CBFAA74DFE69DFC27173EAE16C3D598AAFD4762A26AABEAA446B9C89AEE3138B9CBE44D54F4B5B579F5FB94DAB77A66A99D223934F19EE7318ABF54E913E093F96B8CAEB8E6D135E6BECF15041D97B1D3EECAAF5934F6CBC51386BC3E336F30ECF6AA2B1DAE96D16E8923A7A489B146D4EA44E75EB55E755EB5330DDF81B57ACE1A8A3135F2AB88DF3D73D3C34EE4D511314C4553AC800329D800000000000022BED79B675E3665C5763C396DC07477E65DEDEFAD74B3D73E058D524566EA2231DAF36BA92A0AC8E55CEFA182FCC52FAF712594D8B788C545BBB1AC6FF0004766B7EE61F0B55CB53A4EEF17D4F6597157BCC5ABE5893EC87B2CB8ABDE62D5F2C49F6440705B3F07C17EDFD67EEA97E318DFDCFA47D93E3D965C55EF316AF9624FB21ECB2E2AF798B57CB127D9101C0FC1F05FB7F59FB9F8C637F73E91F659A645F28E621CDFCD9C3996D5795B6EB6C37DAA5A77D5C7737C8E89118E76A8D58D117DAF5939CA53D89FC2932FBCE4EF53217585673AC35AC2DEA68B31A469E72B3E4B89BB8AB135DE9D675F2800043A5C00000000000000000000000000000000000000002BDB95A6EAC4A6CB3B2324457B9F75AA919D288894CD62AF9757FC4A5849575CAAB776D5674616B2B1DAA5061A6CCE4EA7CB53370F8A36AFA496C929E563699EAD7C1159D57C9C157EFD3C610A4005E9440CBB3FBAD45F098FE9218865D9FDD6A2F84C7F490E2783B51ED42CB4007C1AB480000000000000000000000000003F51452CF2B20863749248E46B18D4D55CABCC889D2A4B4CB2C150E08C330D0BD8DEDEA8D26AC7F4AC8A9ED75EA6A704F4F59C9720B033AEB76762EAF8D3B52DCEDDA7454FE727D39FC8D4F9D53A890E6DBD81C8FD0DA9CCEF47E6AB753EE8E99EFE1D9DA94C0D9D23D24F70003642440000000000000000000000E29B566D2765D9BB2F5D7B7C7156E22BAEFD3D92DEF7E892CA889BD2BFA7B1C7BCD5775AAB5BAA6F6A9E96AD577EB8B7446B32F3BB768B344DCAE74887C7DABB6BBC2BB3758D9414F14577C617189CEA0B66F7730B74E135468BAB63D74D1138BB8E9A68AA951B9899938D735B1454E30C797EA8BADCEA978C92AE8D8DBAEA8C8DA9C18C4D78351110C1C618BF1163DC4D71C5F8AEE935C2EB749DD5153512B9555CE55E64EA6A270444E08888887C72F597E5D6F03475D53C67EDEE51731CCAE63ABD38511C23EE0009246800000000000000000000481D84F2E7EF8DB4A619867A7ECB4787DCEBF556A9AB5129D5163D7FEABA24F491F8B35E4B0CB565A32FF00136685652A76CDFEB596EA491CDE294D4E8AAFDD5EA748FE3D7D8DBD447E6B7FD5F0B5D51C677477A472AC3FAC62E989E11BE7BBF94E6001AFD7F000045AE526F05CBA79DADFEB4A892DDB949BC172E9E76B7FAD2A24BA6CFF00349F8A7C214BDA0E771D91E60009C41800000000000000000000000000000000000000000000000000000002E57602F050C15E4AEFAE4C48623CEC05E0A182BC95DF5C9890C6B9C6F39B9F14F8B6460F9BDBF863C00018AC80000003E6626B9B2CB876E57691511296964979F9D51ABA27A57443A5DB94DAA26E55C2235F93899D2359451CC3BC2DFB1B5E2E6AEDE6BEA9D1C6BF98CEE1BF3350D74FD3DEE91EE91EBAB9CAAAABD6AA7E4F99B137EAC4DEAEF57C6A9999EF9D55CAAAE54CCC8003C1C000000003A2643DDBEE6E3FA7A673F465C21929D7C6BA6F27CED24F90AAC7739ACB79A1BBC0BF84A3A88E76F8F75C8BA7CC4D1A79E3A9823A985DAC72B11ED5EB454D50DC1FD3BC67A4C1DDC2CF1A2AD7BAA8FBC4A5B2FAF5A269EA7B0006C36780000000044BCDDEF8F7CFEFDBEADA4B4225E6EF7C7BE7F7EDF56D35FF00F517FF002EB5F1C7FF005A981987F6E3B5A8000D3889091B90F815D62B33B13DC6246D65CD89D85AA9C6383A3D2E5E3E4D0E4D953819D8DF12B22A863BEE7516ECD56E4E94D7B966BD6E545F42292B58C644C6C71B51AC6A235AD44D11113A0D99B0391FA4AE734BD1BA3751DBD33DDC23DFAF5247036759F4B3DCFD000DAE9400000000000000000AC8E55CEFA182FCC52FAF7166E56472AE77D0C17E6297D7B897C8F9ED3D93E089CF39955DDE2836002F2A280003B7EC4FE14997DE7277A990BAC294F627F0A4CBEF393BD4C85D614EDA2E714FC3E72B96CF736ABE2F280004027800000000000000000000000000000000000000002A1B9486EADB96D4175A763F79B6FB650D2F917B1EFAA7C6F2DE4A53DB5EEECBCED459813C6E55653DC928D35EB8A2646EFF00535C4F6CF53AE2667AA3CE105B415698588EB98F097100017253032ECFEEB517C263FA486219767F75A8BE131FD24389E0ED47B50B2D001F06AD200000000000000000000000019967B555DF2EB4B68A166F4F572B626278D579D7C49CFE830CEE9B3C60C56B2A31A57D3E8AFD69E895C9D1F8EF4FA3AFF6897C8B2BAF38C75185A784EFAA7AA98E3F68F7CC3D6C5A9BD5C52EB78630FD1616B151D8A81BA454B1A355DD2F7FE3397C6ABAA9F5003E88B56A8B3445BB71A5311A44754427E22223480007A39000000000000000000007CEC47886D184EC171C4F7FAC6525B6D54D255D54CFE6644C6AB9CBE3E09CDD2BC0A44DA373BEF59FF9A573C77735962A25776B5AA91EED52968DAABD8D9A6BA23975573B4FC67293C794FB3967C2D97969CA4B3D42B2AF164AB537073578B686154D19FAF22B7D11B93A4ABF2DD9060E28B7389AA37CF0ECFE552CFF00193557186A7846F9ED0005895C00000032282DF5F75AC86DD6CA29EB2AAA1C8C8A0823592491CBCC8D6B75555F120E0446BBA18E090780B60DDA671F362A8830225929254454A9BD54B695A88BCCBB9C655F4314EDF87F927B1B4F1EF629CDBB1D13FF0022DF4135522FEB3D63D3FC260DDCCB096674AAE4776FF067DACB3177635A6DCF7EEF140D058DC1C93765467FCCE71D6B9FAF3C76A62269E9914FC55724DDA563D28B396ADAFE3C65B4B5C9F3488787E3582FD7F49FB3DFF04C6FE9FAC2B9C139B127251E665223DF84F33F0DDCD111551B5F4F3D1B97C5DC24A9FB0E358BB60DDA870823E49B2E24BA40C455ECD6AAB8AA515139D775AEDF4F4B50C8B799612EFB3723C3C58F732CC5DAF6ADCF76FF00047E07D6C4584715610ABED0C55872E768A8E88EBA95F0B97C88E44D7D07C9332262A8D618555334CE930F75151D4DC2B20A0A38965A8A995B0C4C6F3B9EE5D1113CAAA85EEE48E5DD1E53E52E15CBEA36B53EE3DB618AA1C89A764A954DE9A4FD691CF5F49539B0B6572E686D1B8720A983B25B30F39D7DAFD5354DD83458DABD7BD32C48A9D5BDD45CD955DA2C46B5D1623A37CF92D7B3B87E4D155F9E9DD1DDFEFD00015A590000116B949BC172E9E76B7FAD2A24B87E507C39883156CDB71B4619B2D75D6B9F74A17B69A8E074D2AB5B26AAA8D6A2AE885587DE3339FDEA716FC8F3FF000971C86E514E1662A988DF3E10A767D6AE578A89A6999DD1D1DAD1C1BC7DE3339FDEA716FC8F3FF08FBC6673FBD4E2DF91E7FE126FD35BFD51F342FABDDFD33F2968E0DE3EF199CFEF538B7E479FF847DE3339FDEA716FC8F3FF0008F4D6FF00547CCF57BBFA67E52D1C1BC7DE3339FDEA716FC8F3FF0009F3EFD95B99385EDAFBC624C05882D7431B9AD7D4D65BA58626AB974445739A889AAF041176DCCE91547CC9B1762359A67E4D5C007A3C8000000DD29F253382AE9E2AAA5CAFC55343331B247232D33B9AF6AA6A8E4546F1454E3A9D6AAE9A3DA9D1DE9B75D7ECC6AD2C1BC7DE3339FDEA716FC8F3FF0008FBC6673FBD4E2DF91E7FE13AFA6B7FAA3E6EDEAF77F4CFCA5A38378FBC6673FBD4E2DF91E7FE11F78CCE7F7A9C5BF23CFF00C23D35BFD51F33D5EEFE99F94B4706F1F78CCE7F7A9C5BF23CFF00C27CDC4196598D852DFF0075713E05BF5A6891E91F6C56DBE5863DE5E66EF39A89AAF508BB6E6748AA3E64D9BB4C6B34CFC9AC800F4790000001BA419279C355047534D95D8AA586662491C8CB4CEAD7B5535454546F14543AD55D347B53A3BD36EBAFD98996960DE3EF199CFEF538B7E479FF00847DE3339FDEA716FC8F3FF09D7D35BFD51F376F57BBFA67E52D1C1BC7DE3339FDEA716FC8F3FF0008FBC6673FBD4E2DF91E7FE11E9ADFEA8F99EAF77F4CFCA5A38378FBC6673FBD4E2DF91E7FE11F78CCE7F7A9C5BF23CFFC23D35BFD51F33D5EEFE99F94AD77602F050C15E4AEFAE4C486383EC3963BD61BD98F07D9B105AAAEDB5F4E959D969AAA17452B35AB955356B9115354545F229DE0D798D989C4DC98EB9F16C3C244C61E889EA8F000063320000039B67F5D9683013E898FD1F71A88E1FD56AEFAFD14F8CE92703DA4EEE925CED36263BF9885F552278DEBBADFA2EF8CAE6D6E2BD5327BD5471AA393FF00CA74F0D58F8AAB916AA9718001F3FA0800000000000025AE545E12F7802D154AFDE9228569E4EB4746AADE3E54445F49128EF5B365DB7EDD77B1B9DFCD4CCAA626BD0E4DD77D142EFB038CF57CD7D0CF0B94CC77C6F8F09F9B33035F26EE9D6ED20037626400000000225E6EF7C7BE7F7EDF56D25A112F377BE3DF3FBF6FAB69AFFF00A8BFF975AF8E3FFAD4C0CC3FB71DAD40F75151D4DC2AE1A1A385D2CF50F48E36379DCE55D110F49DDF2132F7B0C7FF001BDDE9FF0009222B6DEC7A7B56F4CBA78F993C5AAF4A1ACF24CA6EE758CA70D6F87199EA8E99FB7BD1D66D4DEAF930E8D9798329F03E1B82D2DDC7D4BFF0B572B7F1E554E3A7893993C86CC01F42E1B0F6F09669B16634A698D2213D4D31444530000F77600000000000000000AC8E55CEFA182FCC52FAF7166E56472AE77D0C17E6297D7B897C8F9ED3D93E089CF39955DDE2836002F2A280003B7EC4FE14997DE7277A990BAC294F627F0A4CBEF393BD4C85D614EDA2E714FC3E72B96CF736ABE2F28000402780000000000000000000000000000000000000000285739711371766EE36C531A224776C4371AD8D11DAA2324A87B9A88BD3A22A26A5E8636BDBB0D60CBFE2363B75D6AB5D556A2E88BA2C5139FD3C3F14FE7FDCE572AB9CAAAAABAAAAF4967D9CA37DCAFB23C559DA3AFF002DBA3B67C1E0005A5550CBB3FBAD45F098FE9218865D9FDD6A2F84C7F490E2783B51ED42CB4007C1AB48000000000000000000000003E961CB156625BDD1D8E85BACD572A3117A1A9D2E5F1226ABE8262D9ED54B64B552DA289BBB05244D8989E244E7F4F39C7B677C1C91C1538CEB23EEA4D69A9115399A9EDDFE95D113C8A76D3746C2651EA5829C65C8FCF7387BA9E8F9F1ECD12F81B5C8A3973C67C00017B6700000000000000000000001F991EC898E9247235AC4573957A1100A6EDBE7303FE3DDA6B13C74F3BA4A2C38E8EC74E8BF8AE81A893FFEB2CA9E44423B9F7F302E92DF31E624BD4CFDF92E177ACAA7BB5D7574933DCABAFA4F806CAC35A8B3669B71D110D6D8ABB37AF57727A664001ECF00032ED36BAFBE5D68ECB6AA67D456DC2A23A5A68589ABA495EE46B1A9E355544133A6F97311333A43ADECCDB30E34DA4F15BED96677DCEB15BDCC75D6EF2C6AE8E9DAABED189F8F2B911775BAA736AAA885B2E4B6CDD94990B6E4A7C0586618EBDF12455376A94496B6A1386A8E9553546AAA6BBADD1BAF41F4722B28AC991F96365CBDB2C712BA8604756D431BA2D555B91165957A5757736BCC8889D06FE51332CCEE632B9A699D28EAEBF7CAF7976596F054455546B5F4CF940002292800000000F9F7DC3F61C516D92CD896C96FBB504DFCE52D75332785FE563D15ABE9423FE3DE4FBD99B1C249253E109F0D54C9C7B358EA16046AF8A3723A34F26EE849007B5AC45DB13ADBAA63B1E576C5ABF1A5CA627B611E7658D906CDB31DCB13DC29313BEFF25F1618E9A7969520969E999AAAC6ED1CE472AB95177934D744E0848600E2F5EB988AE6E5C9D665CD9B3458A22DDB8D220001E4F4000000000000000008C7CA39E0AD7FF385BBEB2C24E118F9473C15AFFE70B77D65865E039D5BF8A3C58798734B9F0CF82A00006C56BB0000794E74F297E9963DEDB09F98E83EAEC282D39D3CA5FA658F7B6C27E63A0FABB0ACED27B36FBFC967D9BE373BBCDB3000AAAD20000113B94CFC1A24F3ED0FEF92C489DCA67E0D1279F687F7CCDCBB9DDBED861E63CD2E764AA54006C36BB0000794E74F297F1971DEF30BF9968BD430A074E74F297F1971DEF30BF9968BD430ACED27B36FBFC967D9BE373BBCDB1000AAAD2000000000000000000001137376EBF75F306ED335DBCC8244A6678918D44FDBA92A6E55F05AEDD5573A95D21A485F3C9FD96B5557F610AEB2AA5AEAB9EB675D65A891D2BD7ADCE5D57F69ADBFA8D8BE4E1ECE1627DA99AA7BA348F1FA23B30AB4A6297A4006A5458000000000000743C89BDFDC9C7F4F4AF76915CA27D2BBA91DA6F37E76A27A4E7866D92E2FB45E28AE91AAA3A92A19322A7E6B914CFCAF17381C6DAC4C7F8D513DDAEFFA3BDAAF915C55D49AC0F5C1332A208E78D51592311ED54E9454D50F61F49C4C4C6B0B10003900000225E6EF7C7BE7F7EDF56D25A11731ED8AE189737AE765B5C5BF515354C6A6BCCD4DC6EAE5EA444E2A50BFA836EBBD81B36EDC6B33722223AE79353071F133444475B132AB00C98E710359508E6DB689524AB7A27B64E88D3C6ED3D09A92AE1862A78594F046D6471B518C6B53446A2704443E3E0FC2B6FC1B61A7B25BDA8A91A6F4B2E9A2CB22FB672FFEF9B43ED933B3190D391E139356FB956FAA7CBB23EB3ACBDB0D622CD1A4F19003F32491C31BA595ED63188AE739CBA235139D554B2321F959E06CEDA674CC499EC748D8D5C9BCE6B5511CA89CEA88AE6EABE34EB3D843CD9F33DDB9E9B66E3DAEB4D5BA6C3987F0CC96AB3AA2AEE4B1B2B61DF9DA8BCDD91C9AA74EEA335E62619EF88B1561AA8A2BE3A44FCDE362FD388A797470D663E5B8001E0F60000000000000AC8E55CEFA182FCC52FAF7166E56472AE77D0C17E6297D7B897C8F9ED3D93E089CF39955DDE2836002F2A280003B7EC4FE14997DE7277A990BAC294F627F0A4CBEF393BD4C85D614EDA2E714FC3E72B96CF736ABE2F28000402780000000000000000000000000000000000000001C936B3BCB6C3B37E615C15FBABF712781ABA6BABA4D2344F4EF147E5BEF28EE226D8B65CBCD1FE3DEEE3416E62EBA68BD97B32F97B985C9E92A08B8ECF51A61EAABAE7CA14FDA2AF5C4534F547980027D5F0CBB3FBAD45F098FE9218865D9FDD6A2F84C7F490E2783B51ED42CB4007C1AB48000000000000000000006758ED1557EBBD259A89359AB256C4DE1CDAAF15F22271F4182769D9D70A367ACABC5F5516ADA645A6A5554E67AA776E4F1A3787EB292D9265B566D8FB7858E133BFDD11BE7E9F57AD9B7E96B8A5DB6CB68A3B0DA692CD6F66ED3D1C4D8988BCEA889CEBE35E75F1A99A01F45D14536E98A288D2237427E2348D20001D9C800000000000000000000635CFDCDABFEE24FA2A649F97B5AF6AB1ED456B934545E94103F9F4BE7BB770F854BF4D4C13EFE605B5F66C79892CF2B158FA1BBD65339AA9A68AC99ED54F98F806CEA675A625AC6B8D2A98900076750EB7B24DBE9AE7B4AE5D5255BD8D8FEEEC12EAE4E1BCCD5EDFF005350E487DDC078BEE38031AD8B1BDA5AD755D8AE1057C4C77B57AC6F476EAE9D0BA68BE2553CEF5135DBAA9A78CC4BD6C5716EED35D5C2263C57FC0D7B2FB1CD8332F05D9F1DE18A949EDB79A565542BAF74CDE4EE98EEA735756AA75A29B09AD2AA66999A678C36544C551AC0003872000000000000000000000000000000000000118F9473C15AFF00E70B77D65849C231F28E782B5FFCE16EFACB0CBC073AB7F1478B0F30E6973E19F0540000D8AD760000F29CE9E52FD32C7BDB613F31D07D5D8505A73A794BF4CB1EF6D84FCC741F576159DA4F66DF7F92CFB37C6E7779B66001555A400002277299F83449E7DA1FDF258913B94CFC1A24F3ED0FEF99B9773BB7DB0C3CC79A5CEC954A800D86D760000F29CE9E52FE32E3BDE617F32D17A86140E9CE9E52FE32E3BDE617F32D17A86159DA4F66DF7F92CFB37C6E7779B62001555A400000000000000000001A3E745D3EE5E5E5C951DA3AAB7295BE3DF5E3F3229150EEDB4A5E5CDA7B3E1F8DDC247C9592A7F653759F49E7093486DE62FD63369B71C28A623BF8CF8A1B1D5F2AEE9D4000A5B0C000006654DA6B292DB47759A35482BDD2A42BF95B8A88EF9D7E630CEF5D155B9D2A8D384FCE358F9C131A7100074000012CF292F2B7BCBFB4D448FDE929E2ED493CB1AEEA7FA51ABE937038BECDB79496DB76B0C8FEEA0959531A2F4B5E8AD769E456A7F88ED07D11B398CF5ECAAC5E99DFC9D27B69DD3E09FC3D7CBB54C80026DEC00001F06CD842DD68BF5DB1223524AEBACA8E748ADE31C688888C6FC5AAF5F0EA3EF03CAE58B776AA6BAE359A6758F74E931AFCA65C4D313BE4001EAE42297283ED0A9947956EC1187EAF731363263E96356BB4752D0F34D370E3AAFF0036DFED397F174592F8B314D8B0461AB9E2EC4D708E86D568A692AEAE79178323626ABE355E8444E2AAA889C54A3ECFECE3BE67AE68DE3306F32CA91554BD8ADF4CF76A94946C5D2289A9CC9A2715D39DCE72F493393607D6AF7A4AA3F2D3F59E8843E738DF55B1C8A67F355BBBBA6525B929BBF262EFD195FAD405A0957DC94DDF93177E8CAFD6A02D04EB9E73DABB23C1DB24E654F7F8C8002212C0000000000001591CAB9DF4305F98A5F5EE2CDCAC8E55CEFA182FCC52FAF712F91F3DA7B27C1139E732ABBBC506C005E545000076FD89FC2932FBCE4EF5321758529EC4FE14997DE7277A990BAC29DB45CE29F87CE572D9EE6D57C5E50000804F000000000000000000000000000000000000000020872B062274180F02E136CBC2BAEF51717B35FE821EC6D55FF30EF9CAD3270F2AC5FD2AB34B0861C6AAFF00D9F647D4B935E99A67227AA20F17CC9A8E460A8F7EB3F550F3AAF978DAFDDA47D0001288B0CBB3FBAD45F098FE9218865D9FDD6A2F84C7F490E2783B51ED42CB4007C1AB4800000000000000000003D94F04B553C74D0315F24CF48D8D4E7572AE889F1931706E1E830AE19A0B140D445A6893B22A7E348BC5EEF4B954E0190D861B7CC61F756A22DEA7B43127E29C3B2AF067C5C57D0849936DFF004F72BF4562BCC2B8DF5FE5A7B238FCE7C12B80B7A533727A4001B21200000000000000000000000000000A5FDB9F02AE03DA7B19D3451AB696F352CBE53BB77751FDB4C492454F24CB2A7A0E0858D72A86535455DAF0CE72DB29B7D942F5B35D15ADE2D63F57C122FE6EF23DBAF42B9BD65729B072CBF188C2D1574C4693DCD7F9A589C3E2EBA7A26758EF00067A3C000127F633DB16E3B3D5E170AE2D5ABB8605B9CFBF3C31AEFC96F99534ECF135578B5786FB1153544D53554D16D930962FC318F30FD262AC1F7CA4BB5AAB99BF05552CA8F63BAD174E6722F056AF145E0A88A7F3F874BC93DA2334B20AF5F75300DF9D1D34AF47D5DB2A75928EAB4FCB8F54E3A70DE6AA393AC83CCB27A7173376D6EAFE93FCA772DCE6AC2C45ABDBE9FAC7F0BD0045FD9FB6FDCA2CE57D358311CCDC1D89A64DD4A4AF993B56A1FA734350BA3755E86BF7557993524F31EC91A8F8DC8E6B9354545D5153ACA8DFC3DDC3D5C8BB4E92B759BF6F114F2ED55AC3F4003C5EA00000000000000000000000000000000118F9473C15AFFE70B77D65849C231F28E782B5FF00CE16EFACB0CBC073AB7F1478B0F30E6973E19F0540000D8AD760000F29CE9E52FD32C7BDB613F31D07D5D8505A73A794BF4CB1EF6D84FCC741F576159DA4F66DF7F92CFB37C6E7779B66001555A400002277299F83449E7DA1FDF258913B94CFC1A24F3ED0FEF99B9773BB7DB0C3CC79A5CEC954A800D86D760000F29CE9E52FE32E3BDE617F32D17A86140E9CE9E52FE32E3BDE617F32D17A86159DA4F66DF7F92CFB37C6E7779B62001555A4000000000000000000FC4D2B2085F3CAED191B55EE5EA444D544CE9BE4460CF4BB7DD2CC1AB81AFDE650451D3A68BC35D379DF3BBE639F19D7DB94978BDD7DD655D5F595324EBFACE55D3E7304F9AF34C57AF636EE27F55533DDAEEFA2BB72AE5D73575800301D000CFC3F6A92FB7CB7D9A25D1D5B531C1AF5239C88ABE84E277B76EABB5C5BA38CCE91DE446B3A43ABE616155A1C9AC3550D8B4928371F2F0E289322B97FD4A9F19C649818F2C91DDF035DACF1C7C168DDD89A9D0E626F33E76A10FCB96DC65B197E2ED4D1ECCD111DF4FE5F0D1998DB7E8EA8D3ABC00014A6180003A0E465DFEE5E6052C4E768CAF8A4A5771E755D1C9F3B50944428B35CE5B35DE8AEF026B251D4473B53AF75C8BA7A74269535445574F15540EDE8E6636462F5B553545F88DBFF00D3AC67A4C1DDC2CF1A2AD7BAA8FBC4A572FAF5A269EA7B4006C448000000000011F76CCDA5A8767ACB7912D752C7E2FBFB5F4D66A74E2B170EEEA5E9D0D66A9A6BCEE544E645D3D6CD9AF11722DD11BE5E77AED16289B95CE9108B5CA53B4AA5F2EEDC81C2159AD0DAA46CF88278DFC26AA4F694DC3A23F6CEFCE544E1BBC6059EEACACABB8D5CF70AFA996A2A6A6474D34D2B95CF92472EAE739578AAAAAAAAAA9E936160F0B460ECC5AA3A3EB2D7B8CC5558CBD376AEEF7426D725377E4C5DFA32BF5A80B412AFB929BBF262EFD195FAD405A094FCF39ED5D91E0B8649CCA9EFF19000442580000000000002B239573BE860BF314BEBDC59B9591CAB9DF4305F98A5F5EE25F23E7B4F64F82273CE6557778A0D800BCA8A0000EDFB13F85265F79C9DEA642EB0A53D89FC2932FBCE4EF532175853B68B9C53F0F9CAE5B3DCDAAF8BCA0001009E000000000000000000000000000000000000003C2AA3515CE544444D5557A00A75E509C50CC4BB53E28860A8ECB05960A3B5C6BAF06AB2063E46A79249244F2A291BCDCB39F113F1766EE34C4EF7EF7DD3BFD7D4B57A375D3BD5A89E244D10D34D9385B7E8AC51475447835BE2EE7A5BF5D7D732000F763865D9FDD6A2F84C7F490C432ECFEEB517C263FA48713C1DA8F6A165A003E0D5A4000000000000000000FBF80F0E2E2AC596EB2AB55629A5474DA7444DE2EF9934F49ED87B15E26ED366DC6B5553111DB3B9CD34CD5311091192D86930EE07A59248B76A6E4BDB92AAA71D1C89B89E86A270F1AF59BE1F963191B1B1C6D46B5A888D444D11113A0FD1F496030946030D6F0D6F853111FCF7F158A8A228A6298E800065BB0000000000000000000000000000356CD1CBDB2E6B65FDF32FB1037FE4AF746FA673D135589EBC592278DAE46B93C8519E6565EE22CAAC7378C018AA9D22B8D9AA5D4F22B75DC95BF8B2335E2AD7374727894BF5223EDE9B273F3A70D37313025B58FC6961815B244C4D1D73A36EABD8BC72378AB3A57556F5693792E3E30B73D15C9FCB57D250B9CE027176BD25B8FCD4FD63A95380FDCD0CD4F33E9EA227C52C4E563D8F6AB5CD722E8A8A8BC51517A0FC17552400000000240E45EDB99DB91E915AA9AF3FF1161E62A27DCABB39D2B636FF00E4C9AEFC5E44556F1F6BAF123F03CAF58B77E9E45D8D61EB66FDCC3D5CBB55692B88C93DBDF2333721A7B7DD2EE9842FF268D75BEED2232273BFF2EA3831C8BD1BDBAEF112458F648C6C91BDAE63911CD735754545E65453F9E63B2E4F6D739E99251C34184F184B556883836D37345A9A46B75D5518D72EB1A715F68ADE72BD8AD9E89FCD86AB4F74FDD62C2ED0FF008E269EF8FB7FBD8BB60432C9DE535CA9C62DA6B5E68DAAA306DCDFBAC7D4B556A681EEFCADE44DF8D1575E0E4544FCA5E725F592FD64C4B6D82F3876F14574A0A96A3E1AAA39DB3452357995AF6AAA2A7A4AEE230B7B0B3A5DA74FF7AD62B18AB3898E55AAA259E0031DEE000000000000000000000000118F9473C15AFF00E70B77D65849C231F28E782B5FFCE16EFACB0CBC073AB7F1478B0F30E6973E19F0540000D8AD760000F29CE9E52FD32C7BDB613F31D07D5D8505A73A794BF4CB1EF6D84FCC741F576159DA4F66DF7F92CFB37C6E7779B66001555A400002277299F83449E7DA1FDF258913B94CFC1A24F3ED0FEF99B9773BB7DB0C3CC79A5CEC954A800D86D760000F29CE9E52FE32E3BDE617F32D17A86140E9CE9E52FE32E3BDE617F32D17A86159DA4F66DF7F92CFB37C6E7779B62001555A40000000000000000357CCDBBA593025E6BB7B75FDACB0C7C7F1E454627D23683906D1D765A7C3D6EB331FA2D5D4ACAF4EB6B1BFFD5C9F110FB418BF51CB2FDFE98A6623B67747D65E57EBE45BAAA47B001F3A2BE00001D0722ED5F74B30696656EADA18A4A95F12A26EA7CEE439F1DD766BB3EEC379BFBDBC5EE8E9235F12774FFDACF88B0ECAE13D7337B147444F2A7FFC77F8C3DF0B4F2EED30ED8F63646398F4D5AE454545E94219E2AB53EC7896E9687B553B56AE58DBAF4B51CBBABE94D17D24CE2346D036AED1C73DBED6E8DB853472AAF5B9BDC2FCCD69B0BFA8783F4B80B7898E3455A7755FCC433F1F46B4455D4E660034E2240000259E52DD92F397F69A857EF3E189699FC78A2C6AADE3E8445F49130EF3B365E55F4376C3EF77F352B2AE34F139375DF45A5DB60B19EAF9AFA19E172998EF8DF1E13F366606BE4DDD3ADDA8006ED4C8000001E8AEAEA2B5D14F72B955C34B494B1BA69E799E8C8E28DA9AB9CE72F04444455555035DCCECC8C2D94B822E98F718DC194B6DB642AF5D57BB9A4FC48989F8CF72E8889E3EA29373D339F14E7C662DC71FE289951D50EEC54548D5FC1D1D337DA44C4F127155E972AAAF39D5B6D6DAB6B3682C65F7070DD43A2C0F6199C96F8D115AB5B2E9A3AA6445EBE28C4E86F8D548D25D727CBBD528F4B723F3CFD23FDE2A5E71997AD57E86DCFE48FACFD800136834DAE4A6EFC98BBF4657EB50168255F725377E4C5DFA32BF5A80B4128D9E73DABB23C17AC939953DFE32000884B000000000000056472AE77D0C17E6297D7B8B372B239573BE860BF314BEBDC4BE47CF69EC9F044E79CCAAEEF141B001795140001DBF627F0A4CBEF393BD4C85D614A7B13F85265F79C9DEA642EB0A76D1738A7E1F395CB67B9B55F17940002013C0000000000000000000000000000000000001AE664DF63C2F9758A7134DFCDDA2CB5D5EFF0024503DEBF44D8C8F5B7CE2C7E14D967183A0915951774A6B4C4A9D2934EC4913D3124A7B61EDFA5BD4DBEB988795FB9E8AD55727A22654D934AFA899F3CABABE472BDCBD6AABAA9F800D94D68000019767F75A8BE131FD24310CBB3FBAD45F098FE921C4F076A3DA8596800F8356900000000000000000EE9B3861B6A4771C553C7AB9CA9474EABD09C1CF5FA29E85386C6C7CAF6C71B55CE7AA35A89D2AA4C3C0D8762C2B852DB648DBA3E1851D32FE54AEEE9EBFE255D3C5A179D82CBBD6F319C4D51F96DC6BDF3BA3CE7B99B81B7CAB9CA9E87DE001BA930000000000000000000000000000000000000849B65EC174D9912D6E68E4ED241478995AE9AE3696F7115D1C9C55F1F432654E7E66BD538E8AAAAB59777B3DD6C173A8B35F2DD53415F4922C53D35446B1C91BD39D1CD5E28A7F41E716DA0B64DCA8DA1A89D3624B6FDCDC411C5D8E9AF944C46D4B3445DD6C9D12B1157DABBC7A2B7527F2DCEAAC3C45ABFBE9EBE98FBC20732C969C4CCDDB1BAAEAE89FB4A9341DC73FF63FCDDD9FA79ABAF96B5BBE1C47EEC57CB7C6E7C1A2AE8DECA9CF0B97A9DC35E08AA70E2DB6AF5BBF4F2EDCEB0A95EB372C55C8B91A48003D1E4000000001BD657E78E6AE4D5C9B73CB9C675F695DEDE929D1C92534DD68F85E8AC76BD6A9AF52A1A283AD7453723935C6B0EF45CAADD5CAA2749F72CCF22B94EB09625A8A5C3D9DB646E1BAB95373EEC5123A4A157F5C8CE32448BD69BE88BCFA27149AF60C4362C556A82FB86AF14773B7D5377A1A9A499B2C6F4F139BC0FE7D4E879439FB9AB91B76FBA99778AAA686391C8B534322F64A4A9445E69225EE557A37934726ABA2A6A4063320B773F361E7933D5D1FC27F079FD747E5C4C6B1D71C7F95EC021F6CF9CA3596B990DA5C3B9A31C383710BF48FB624975B754BB8222B645E312AAFE2BF827E529301AE6BDA8F6391CD726A8A8BAA2A157C461AEE16AE45DA74959EC626D6269E5DAAB5879001E0F7000000000000000008C7CA39E0AD7FF385BBEB2C24E118F9473C15AFFE70B77D65865E039D5BF8A3C58798734B9F0CF82A00006C56BB0000794E74F297E9963DEDB09F98E83EAEC282D39D3CA5FA658F7B6C27E63A0FABB0ACED27B36FBFC967D9BE373BBCDB3000AAAD20000113B94CFC1A24F3ED0FEF92C489DCA67E0D1279F687F7CCDCBB9DDBED861E63CD2E764AA54006C36BB0000794E74F297F1971DEF30BF9968BD430A074E74F297F1971DEF30BF9968BD430ACED27B36FBFC967D9BE373BBCDB1000AAAD2000000000000000011B7686BCB6BF1A436B8DDAB6DB4AC63D3AA47F76BFE95612479B890E71C5D3EECE2FBBDCB7B7926AB93757F351744F9910A0FF0050B17E872EA30F1FE757D237F8E8C1C7D5A5B8A7ADF0C0069A44000004A6C91B52DB32F281EE6E8FAD74952BD7A2BB46FCC8845DA7825AAA88A9616EF4933DB1B13ADCABA2134ECF6F8AD369A2B5C09A47474F1C0DE1D0D6A27FB1B1BFA7584E5E2EEE2678534E9DF54FDA3EA90CBE9D6B9A99871DDA42CBDB163B65FA34EEA8EA1D4EFD3F2246EA8ABE45669FAC762353CD5B57DD7C0179A646EF3A3A75A86A78E35DFF00F653626D0E13D772BBF67A793331DB1BE3EB0CFC451CBB554224000F9D50000001D9F67AC317F8AED36287C3D86D8F81D022C9AA2CCE5545456275269CFCDC7E2C4CACC969EF9D8B1062C85F0DBD511F0D2AA2B5F51D4AEFC967CEBE24241C10414B0B29E9A1645146D46B18C6A35AD44E64444E643666C76CADEF4B46658BD6988DF4C74CFBE7AA3C7B38C8E130B3AC5CAB7753D80036BA5000002B6F94576ADBB57DF2E1B3CE0B964A3B75BDCC6E21AA4456BEAE556A3D29DABD11B51C8AEFCA72227322EF59214D7CA0144947B5963673588D6D4FDCF99111BA271A181157C7AAA2AEBD6A4D6456A8BB8AFCF1AE91AC76EB086CF6F5CB585FC93A6B3A4F66F47800176520000135B92A278DB9D98AA99CBDDC985A47B53AD1B574E8BF490B452A1F937B10C763DA76DB492C9B8DBC5AEB6813C6EDD49113E3890B782939F53C9C5EBD710BBE45572B0711D533F700042A640000000000002B239573BE860BF314BEBDC59B9591CAB9DF4305F98A5F5EE25F23E7B4F64F82273CE6557778A0D800BCA8A0000EDFB13F85265F79C9DEA642EB0A53D89FC2932FBCE4EF532175853B68B9C53F0F9CAE5B3DCDAAF8BCA0001009E000000000000000000000000000000000000083BCAAD8A1B4396184B09325724975BC3EADCCE8564112A6BE874ADF8C9C455A72A66325BC675D8707433ABA0C3B626C8F66BC1951532B9CFE1E38D90292B935BF498CA7DDACA2F39B9E8F075FBF7217800BDA86000019767F75A8BE131FD24310CBB3FBAD45F098FE921C4F076A3DA8596800F8356900000000000000006E994386FF00E24C75410CACDEA7A25EDC9F5E6D19C513D2EDD4F26A4AF38EECE5875D4B66AFC4B3C7A3AB65ED7815539E367B654F12B974FD53B11BCB61F2FF0052CAA9BB547E6B93CAEEE11F4DFDE9AC15BE45AD7AC001716580000000000000000000000000000000000000003D5534D4D5B4F2D1D653C53C1331639229588E63DAA9A2B5C8BC15153A148919F3C9C795799524B7ECB999304DF1C8AE7C5047BF6FA872F4BA2E78D7C6C544E7D5AABC49780F7C3E26EE16AE55AAB49785FC35AC4D3C8BB4EB0A40CE5D95F3AB232AE44C6584679AD8D5FC1DDEDE8B514522746B2353B85FCD7A357C5A713919FD0BCF041550BE9EA618E68A44DD7B246A39AE4EA545E0A466CE6E4F8C88CD49AA2EF64B7BF05DE67D5CEA9B446D4A77BFF29D4DC19E5DCDC55E3AAEBC4B1E1768699FCB89A74F7C7D95DC56CF4C7E6C355DD3F75408246E716C199FB94D2D4565261F5C59658955595F6563A57EE75BE0FE718BA73E88E44FCA5239BD8F8DEE8E462B5CD5D1CD54D1517A94B0D9BF6B114F2AD55130AF5EC3DDC3D5C9BB4CC4BC000F578800000000495D9936E0CC5C85AA82C17B966C4B8317463EDB3C9ACD48DD7DB5348BED744FC45D58BD48BC48D40F1BF62DE228E45D8D61ED6311730D5FA4B53A4AFBB2C734F03E70E13A5C67806F715C6DD5289BC89C2581FA718E5673B1E9D28BE8D5389B69461909B40E3DD9EB18B31460DACDFA79B763B8DB665D69EB61D75DD7274393F15E9C517C4AA8B7239299D58273E303D2E37C135DD9227E91D5D2BF84D4551A22BA2913A1535E0BCCA9C53814ACCB2CAF03572A9DF44F4F94AED96E67463A9D277571C63CE1BF0008A4A0000000000000463E51CF056BFF009C2DDF59612708C7CA39E0AD7FF385BBEB2C32F01CEADFC51E2C3CC39A5CF867C150000362B5D80003CA73A794BF4CB1EF6D84FCC741F57614169CE9E52FD32C7BDB613F31D07D5D8567693D9B7DFE4B3ECDF1B9DDE6D9800555690000089DCA67E0D1279F687F7C96244EE533F06893CFB43FBE66E5DCEEDF6C30F31E6973B2552A00361B5D80003CA73A794BF8CB8EF7985FCCB45EA18503A73A794BF8CB8EF7985FCCB45EA18567693D9B7DFE4B3ECDF1B9DDE6D88005556900000000000000007C5C6779FF0087F0A5D6F08ED1F4D4B23A3FEF153467FA95086CAAAABAAAF124AED0574ED1C0EDA16BF4757D5323D3ADADD5CBFB108D469BFEA1E2FD2E61461E38514FD6A9FB442231F56B7229EA000501820000DAB2BAD7F7631F5968D5BBCD4A8ECCFF00ECC68AF5FA24B923DECDF6A6CF886E5787B354A4A54858ABD0E7B9355F89AA9E92421BAB60309E832B9BD3C6BAA67BA3778C4A63014F26D6BD61F89A28E789F04CC47C723558E6AF32A2A68A87EC17998D774B350AAF96C7D96F35D6991555D4751243AAF4A35CA88BE94E2609D033CED2B6BCC2AB951BA32BE28EA9BE3D53757FD4D5353C3B866F58AAE2DB658E85F5132F172A268D8DBF94E773221F3763B0172C66173056E99998AA622237CCEFDDF457ABB734DC9A23ADF3A0826A99994F4F13E5964546B18C6AAB9CBD4889CE77CCAFC9186DBD8AFF008C6064D55A23E1A27716C4BD6FEB778B993CBCDB4E5D653D9B0344DAC9B72B6ECE6223EA5CDEE63EB48D17993C7CEBE2E637B366ECD6C55183D31798C4555F453C623B7AE7E91EF48E1F07147E6B9C5E111113444E07900D8890000000000A9EE53AB02DB368982EE90AB1978B152CBBDA7B7746E7C6ABF135A9E82D84805CABB80A7A9B1608CCCA58758E82A2A2CD58F4E8495A92C3E8458A6FF1212D925C8B78CA627A758456756E6E60EAD3A349570800BD2880000DC327F1FCF9599A385F30E08DF2A586E7055CB131DA2CB0A393B2C68BD1BCC5737D25F15B6E54378B752DDED952CA9A3AD859514F3317B99237B51CD7278951514FE7B4B54E4E1DA120CC1CB9FBD25FEA9A988307C7BB49BCEEEAAADDAA231DE58DCBB8BE2DC5E952BBB41859B96E9BF4FF008EE9ECFF007C563D9FC54515D587ABA77C76FF00BE098E002A2B6800000000000056472AE77D0C17E6297D7B8B372B0F9562AA9A5CD6C214D15444F9A0B13FB2C6D7A2B99BD3B95BBC9CE9AE9C3525F23E7B4F64F82273CE6557778A10000BCA8A0000EDFB13F85265F79C9DEA642EB0A53D89FC2932FBCE4EF532175853B68B9C53F0F9CAE5B3DCDAAF8BCA0001009E0000000000000000000000000000000000000A4ADB1B152E30DA5B1EDD12557B20BA3A823555D746D3B5B0E9E8562974589EFF00478570D5DB145C3FEEB67A19EBE7E3A7E0E28DCF771F2354A03BD5DAB2FD78AEBE5C64EC95771A996AE777E5492395CE5F8D54B26CE5AD6E5773AA223E7FF0ADED1DDD2DD16FAE75F97FCB0C005B15300000CBB3FBAD45F098FE9218865D9FDD6A2F84C7F490E2783B51ED42CB4007C1AB48000000000000796B5CE7235A8AAAABA22273AA9E0DC7292C697EC7D6B8248F7E2A693B6E4454D5348FBA4D7C5BDA19383C3558DC45187A38D5311F3976A29E5D514C74A4CE0EB2261DC2F6CB2EEA23A969DAD7A27E5AA6AEF9D54FB201F4B59B54D8B74DAA38531111D91B962888A63480007A390000000000000000000000000000000000000000000000000E439B7B27E45674A4D538C304D3457399175BA5BB4A5AB477E52BDA9A3D7FB68E4EB43AF03BDBBB5DAAB956E749F73A5CB745DA7935C6B1EF55B6727263E67E124A9BB6545DE1C616E8D1D2251CBBB4D5ED6A71D111577245D3A95157A1BAF021DDEAC57BC37729ACF886CF5B6CAFA772B26A5AC81D0CB1AF5398E44543FA0D340CDAC88CACCEDB33ECF98784E92BD553486B1ADEC7574EBD0E8E66F74DF26AAD5D38A2A13F84DA0B947E5C4472A3AE38FDA7E881C5E416AE7E6C3CF267ABA3EF0A2304C6DA13938B3172EBB3E23CA9966C61616EF3DF48D6225C699BCFC589C264F1B3BAFCDE921E4F04F4B3494D530BE29A272B248DED56B98E45D1515178A2A2F4166C3E2AD62A9E5DAAB55631385BD84AB93769D1F800190C700000EB1B376D0B8AF677CC0A6C4F65A89A6B4D43D915E2D88FFC1D653EBC782F047B75556BB9D178732A9C9C1D2E5BA6F5134571AC4BD2D5DAECD717289D2617F980F1D619CCAC236BC71842E0DADB4DDE9DB514F22268E445E76B9BF8AE6AEA8A8BCCA8A7DF2A9B93D369A972C31CB32AB17DD959857144ED652BA677E0E82BDDC18E45FC5649C18EE845DD5E1C54B592819860AAC0DE9B73C3A27DCBFE03194E3ACC5C8E3D31EF00060B3400000000231F28E782B5FF00CE16EFACB0938463E51CF056BFF9C2DDF59619780E756FE28F161E61CD2E7C33E0A80001B15AEC0001E539D3CA5FA658F7B6C27E63A0FABB0A0B4E74F297E9963DEDB09F98E83EAEC2B3B49ECDBEFF00259F66F8DCEEF36CC002AAB48000044EE533F06893CFB43FBE4B12277299F83449E7DA1FDF3372EE776FB618798F34B9D92A95001B0DAEC0001E539D3CA5FC65C77BCC2FE65A2F50C281D39D3CA5FC65C77BCC2FE65A2F50C2B3B49ECDBEFF00259F66F8DCEEF36C4002AAB4800000000000000023E6D21785A8BFDB2CAC7771454CE99C9F9F22FF00F4627C671F36DCD7BAA5DF302F350D76F321A85A662F8A3EE57E7453523E76DA2C57AEE697EF7472A623B23747D210188AB9776A900042BC400738123F677B43A8B06D45D246E8EB855B958BD6C622353FD5BE7543E0E04B5A59706D9EDA8DDD58A9235727E739379DF3AA9F78FA3F24C27A8E5D670FD314C6BDB3BE7EAB059A7916E290004A3D5CFF003372C17302E3689DB58CA48E93B232A64DDD5EE8D745446A75EA8BCFCDA9B4E1AC2D64C256E6DB6C744D8234D15EEE77C8EFCA73BA54FAE0C0B595E12CE2ABC6D3447A4AF4D67A77469BBAB86FD38F4BA45BA62A9AE237C80033DDC00F818E71E611CB6C37578BB1BDFA96D36AA36EB24F50FD1157A1AD4E77397A1A88AAA7314CD53A471713314C6B2FBCAA89CE792A973F3942B1AE60E38B5265F76D58F07586EB4F5ECA6DF46D45D161911C8B3AA733174FE69174E29AEAA89A5A759EED417EB450DF6D53A4F4571A68AAE9A54E67C52351CC77A51514CCC5602EE0E8A2ABBFE5F4ED626171D6B195554DA9D793FEEE66000C2660722DAC72D26CD8C80C5D84A8A956A2E0944B5D411B5BAB9D5102F64635BF9CEDD56A7F6B43AE83BDAB936AB8B94F189D5D2E5117689A2AE131A3F9E454545D1534540480DB7B252AB26B3D2EECA5B72C160C4923EED69918CD22DD7AEB2C4DD3822B24554DDE86AB3A1508FE6C8B3769BF6E9B94F096B7BF66AC3DCAAD55C60001EAF20FBF8131D628CB5C596EC6D836E92DBEED6B99258268D79FA1CC727E335C8AAD545E0A8AA87C00715531547267839A6A9A262AA677C2E6F660DB0B006D11678A81F5305971853C69DB9679E54459179964A755D3B23157A13BA6EA9AA732AC803F9EBA2AEADB6D5C55F6EAB9A96A60723E29A19158F6393995AE4E28BE4258E4F7292E7465F5253D971BD3D3636B74088C6CB5AF58AB91BD4B3A22EFF95ED5775AA956C6E41544CD7859DDD53E52B560B3FA26228C4EE9EB8F35B18222E08E538D9EB113228F14D3621C2B52A9F845A9A3ED981ABD4D7C0AE7AF9558D3A8DAF6CCD986ED1A494D9C7628F55D11B50E7C2EF89ED45212BC0E26DCE955B9F926E8C6E1AE46B4DC8F9BB483932ED63B36A22AAE74617E1FFEF50F8777DB83659B326B519BB6D9F86BFF002704F51EAD8A748C2DFAB74513F29779C4D8A78D71F387750428C77CA9B943666C94F80706E20C4750DD51B354A3286997A951555D22F9158DF2F5454CE7E501CF5CDAA39AC76DB843842CB370929AD0AE6CF2B7F25F50BDDE9D68DDD45E9D4CEB192E2EF4FE6A7931EFFB7160DFCE709663755CA9F77DF8275ED4DB6C603C87B4D458B0D5751620C6D3C4E4A7A0865EC915139534492A5CDE09A2F1EC7AA39DA7422EA548E2BC537EC6F892E38B713DC64AEBADD6A1D535551273BDEEFD889C11139911110F96F7BE57BA495EE7BDCBAB9CE5D5557AD54FC96BC065D6B014E94EFAA78CAA98FCC6E63EAFCDBA98E10000CF4780003B7EC4FE14997DE7277A990BAC294F627F0A4CBEF393BD4C85D614EDA2E714FC3E72B96CF736ABE2F2800040278000000000000000000000000000000000001C176E6C5C983B662C65528F46CB73A78ED51775A2AACEF462E9D7DCEF7A352978B29E55BC79DA583705E5B53BD37AEB709AF15289CED653B3B1C68BE273A77AF9632B58BAE436BD1E17973FE5333E4A5E7F77978AE447F8C47DC001368300000CBB3FBAD45F098FE9218865D9FDD6A2F84C7F490E2783B51ED42CB4007C1AB48000000000000776D9BAC08CA7BA626999DD48E6D1C0BD4D4EE9FF001AAB3E2538492E32B6C4B87B02DAA8A466ECD2C29533274A3E4EEB45F1A22A27A0BBEC1607D6734F4D546EB7133DF3BA3C667B99981A3957795D4DAC006EC4C8000000000000000000000000000000000000000000000000000000000000470DA7B628CBDCFEA1ABBEDA60A7C3D8D7777E2BAC3177154E44E0CA96269BE8BCDBFED9382F144DD591E0F5B37EE61EB8B96E749795EB36F1144D172358507666658E35CA2C5D5982B1E5926B6DCA9175D1E9AC7346BED658DFCCF62F42A78D382A2A1AA976BB4FECD785B68EC093596BA2869310D0B565B35D777BBA797F21CA9C5D13B99CDE3CFAA7144298F1960FC4780313DCB0762DB64B6FBB5AA7753D553C9CED7274A2A70735538A2A705454542F196E634E3E8DFBAA8E31E70A466796D581AF58DF44F09F297C6001268B0000796B9CC723D8E56B9ABAA2A73A29739B1367A373C724ADD5972A857E21C3DA5A6EE8EE77C8C4FC1CDE347C7BAABF9C8F4E8298896BC9B19B2B8173D530457C8E4B6E37A6750A71EE63AC8D16485CBE5447C7E591BD0844E73858C461A6A8E34EF8F3FA25F25C54E1F13144F0AB77DBFDF7AD9800515790000000008C7CA39E0AD7FF00385BBEB2C24E118F9473C15AFF00E70B77D65865E039D5BF8A3C58798734B9F0CF82A00006C56BB0000794E74F297E9963DEDB09F98E83EAEC282D39D3CA5FA658F7B6C27E63A0FABB0ACED27B36FBFC967D9BE373BBCDB3000AAAD20000113B94CFC1A24F3ED0FEF92C489DCA67E0D1279F687F7CCDCBB9DDBED861E63CD2E764AA54006C36BB0000794E74F297F1971DEF30BF9968BD430A074E74F297F1971DEF30BF9968BD430ACED27B36FBFC967D9BE373BBCDB1000AAAD20000000000001837CB8B6CF66AEBABF4D2929E49B8F4AB5AAA8671A0E77DE1B69CBDAD8D1DA495EF8E923E3CFBCBABBFD2D71859962A30583BB889FF001A667BE2377D5D2E55C8A26AEA45C92492691D2CAF573DEE5739CBCEAABCEA7E403E6A99D77CABA000E00FAB856D4EBE625B5DA1A8ABDB757146ED3A1AAE4DE5F426AA7CA3A6E42582AABB1A4578752C9DAB43148EECCAC5DCEC8A9BA89AF36BA39492C9F0738FC7DAC3E9AC55546BD9AEFF00A3D2CD1CBAE294956B5AC6A31A8888D4D1113A10F201F48AC2000000000316E974B6D92DF5176BC57D3D0D15231659EA2A2448E38989CEE7397822102F69CE526A2B776EE09D9F559575488B0CD89668F58635E9ED562FB754E6DF7A69AEBA23934532B0B83BD8CAF936A3BFA218D8AC5D9C251CBBB3A78CA4B6D11B57658ECE96AD71156A5CF105446AFA3B1D24A9DB12F0E0E9178A431AAF0DE7271E3BA8ED150A9BCF6DA2B32B683C44B7AC6F767251C2F72D0DAA9DCADA4A36AFE433A5DA73BD7572F9381CFAF77CBCE24BAD4DF3105D2AAE370AC7AC93D5554AE92591CBCEAE73B8A9825CB0195DAC1472B8D5D7F653730CD6EE367931BA8EAFB85CFEC2F8D931C6CC783E77CBD927B3C0FB34DABB556AD3BB7588BD5F83EC7E8D0A602C5B928B1FCB2DBF1BE57D54DAB29E582F946C55E657A7619FE841F39E39F59F4984E547F8CC4F93DB21BDE8F15C89FF0028D3CD60A00292BA80003856D89B3D45B4265354D9EDCC899896CCAEAFB2CCF6F3CA89DDC0ABCE89235377C4EDC55E62982BA86B2D95B3DBAE14D253D552C8E8668646AB5F1BDABA39AA8BCCA8A8A87F428406E503D8EE7C409559EB95F6947DC23623B105B29E3EEEA5A9FF00E6A36A73BD134DF4E944DEE2A8BAD8724CC62CCFABDD9DD3C3DD3FCABF9DE5D37E9F58B51F9A38FBE3F856E800B7A9E00000000000000000000000000000000EDFB13F85265F79C9DEA642EB0A53D89FC2932FBCE4EF532175853B68B9C53F0F9CAE5B3DCDAAF8BCA0001009E00000000000000000000000000000000003D73CF15341254D4488C8A262BDEE5E66B513555F880A99E52FC61FF10ED1D261F8E55747866D34B44AD5E66C9237B3BB4F44AC2271B86716329F30B35B176369DEAEFBB379ABAB8F55D776274AEEC6C4F1359BAD4F121A79B23096BD058A2DF54435C632EFA7C45773AE6400190C600000CBB3FBAD45F098FE9218865D9FDD6A2F84C7F490E2783B51ED42CB4007C1AB48000000000003EBE11B3BAFF89ED96746EA95552C6393F375D5DF322932DAD46B51A9CC89A211CB677B232BF1754DE2666ADB6532F635EA964EE53FD3BFF19238DCBFD3DC17A0CBEBC4CF1B957D29DDE3AA5F014726DCD5D6000BF338000000000000000000000000000000000000000000000000000000000000000020BF297ECF34D8870A459EF86E8B76EB626B29AF48C4FE7E8957464ABF9D1B95135FC9771F6A84E83E7623B05AB15E1FB9618BED232AADD76A4968AAA17A7732452355AE6AFA154C9C1E26AC25EA6ED3D1E1D2C7C5E1E9C559AAD55D3E2FE7D41B0660E11AAC058EAFF82AB55CB3592E35142E7393457246F56A3B4F1A222FA4D7CD8D4D51544551C25AE2AA66899A678C00039701F7303E27AAC158CAC78BA89CE49ACF7082B5BA2F15EC6F472A7A51343E1838988AA349734D534CC551D0FE846D770A6BBDB292EB453325A7AD823A886462EAD7B1ED4735517A95150CA3926C9788E5C57B35E5D5DE77ABE44B14146F72AEAAE5A7D60555F1FE0B89D6CD69768F475D544F44CC3665BAFD25115C74C6A000F377000008C7CA39E0AD7FF385BBEB2C24E118F9473C15AFFE70B77D65865E039D5BF8A3C58798734B9F0CF82A00006C56BB0000794E74F297E9963DEDB09F98E83EAEC282D39D3CA5FA658F7B6C27E63A0FABB0ACED27B36FBFC967D9BE373BBCDB3000AAAD20000113B94CFC1A24F3ED0FEF92C489DCA67E0D1279F687F7CCDCBB9DDBED861E63CD2E764AA54006C36BB0000794E74F297F1971DEF30BF9968BD430A074E74F297F1971DEF30BF9968BD430ACED27B36FBFC967D9BE373BBCDB1000AAAD20000000000001C2F694BAEAFB3595AEE0892553D3C7C1ADFDE3BA115F3B2F3F76330ABDAC7EF45408CA3671FC94D5DFEA5714DDBBC5FABE5155BE9AE623CE7C1898DAF936B4EB68801F5B0FE15C438A2A5296C56A9EA9DAE8E735BA319E37397827A54D256AD5CBF5C5BB54CD554F0888D650D11354E90F927D4B0619BEE28ABED2B15B26AB9134DE562772C4EB7397822794ECF843677A3A67B2B318D725539BC7B529D55B1EBF9CFE0ABE8D0EB96BB45B2C948DA0B4D0C3494ECE68E26A353CBE352FB946C0E2B15A5CC7CFA3A7AA37D53E51F59F733AD606AAB7D7BA1C9B05ECF741488CAEC6553DB7370725240E5489BE273B9DDE8D13CA75EA2A2A3B752C745414B153D3C4D46B238988D6B53A9110F78367E5B93E0B28B7C8C25111D73D33DB3C7C9256ED516A34A6000126F400000E4BB476D1F84766CC234F89B13DB6BEE33DC657D35BA8E95BA76799ADDEDD748BC234D3A5755E7D1174D0EB4469E50EC091E35D992F95AC895F57862AA9AF74FBA9AAF70E58E5D7C5D8A6917D0864E0E8B772FD145DF6667463E2EBAEDD8AEBB7ED444CC2B873FB6B2CDADA16A960C51754B7D86393B253D92855594CC5E857F4CAE4EB76BA71D113538C006C3B56A8B34F22DC690D7776F5CBF572EE4EB2000F4798492E4F9C74CC17B4CD8296A6648E9B11C53D9A455E6DF91BBD1279564631A9FDA2369F5B09620ACC278AACD8A6DD2AC75567AFA7AF81E8BA2B5F148D7B57E36A1E389B5E9ECD56E7A6261EF85BBE82F5373AA61FD028302C178A5C4362B75FA895169EE54B155C4A8BAF732311C9C7C8A679ADA6349D25B26275DE000E00F1CFC14F200AFEDB2F6029AF1575D9AB9156C6AD64EE7D4DD70F42D46A4AE5E2E96951386F2AEBAC7D2ABDCF1E0B5D3514F3D24F252D541243342E56491C8D56B98E45D1515178A2A2F41FD0B91BB695D87F2D33F1B3621B735B86717AEAE4B9D2C49D8EADDA704A88FF001FA3BB4D1C9D6BCC58F2DCEE6D445AC4EF8E89EAED57732C922F4CDDC3EEABA63A27B3A94EA0EAB9D5B3266FE435C64A7C6F866575BB79520BBD1A2CD453A742A4889DCAFE6BD1AEF11CA8B55BB945DA7976E758556E5AAECD5C8B91A48003BBCC00000000000000FDBA2958C64AF89ED649AEE395AA88ED39F45E903F000000003B7EC4FE14997DE7277A990BAC294F627F0A4CBEF393BD4C85D614EDA2E714FC3E72B96CF736ABE2F2800040278000000000000000000000000000000003956D4F8EDB96FB3E638C56D9BB1CF0DADF4B4CA8BA2F67A854863D3F5A445F2229D5483BCAA78E1D6CCB2C2D80609B75F7CBABABA66A7E3454ECD113C9BF2B57CAD432F0167D3E268B7EFF00A46F96263AF7A0C35773AA3EBD0AC6E7E2A00362B5D00000000065D9FDD6A2F84C7F490C432ECFEEB517C263FA48713C1DA8F6A165A003E0D5A40000000000F288AE546A26AABC10091DB3C595D4383E7BBC8DD1D72A972B174E78D9DCA7FAB7CEA87C5C19694B1614B55A51BA2D3D2B1AEFED2A6AEF9D54FB47D2192E0FD432FB387E9A698D7B677CFD75586CD1C8B71480024DE800000000000000000000000000000000006A58933732AB06CB2D3E2DCCAC2D669A0FE722AFBBD3C12357A958F7A2EBE2D353B534D55CE94C6AE26A8A635996DA08EF89B6FED95F0D2BA34CC65BB4CDD7F056CB7544FAF91FB891AFF88E677EE550C97A173DB60C178A6E7A7B5748C869D1CBE97B9510CBA32EC5DCF66DCFCB4F1625CCC30B6FDAB91F3FB26A02B871172B1E20958E8F0964F5BA99FF008B2DC6E6F993D31C6C67D2396624E52BDA6EFAE93EE75C30F58637A2B5196FB523B44F13A7748BAF8F532EDE458CAF8C4476CFDB5625CCF307470AA67B23EFA2DC4149B53B636D2174B95255DDF36EFD2430544733E08254818F46B9155AA91A37545D34D0BA2C3F7482F961B6DEE9666CD0DC28E1AA8E46F33DB2311C8E4F12A2EA7863B2DB9808A66B989D75E0F7C0E636F1FCAF47131A75BE80008E48000000000000000029CB941F0B330CED4D8A25859B90DEA1A3BA469AF4BE06B645F4C91C8BE9238932F954A2899B4061E918AD47C983E977DA8DD17856D6222AAF4F57A08686C3CBAA9AF096E67AA1AF732A628C5DC88EB00066B040001715C9E9552D4ECAF85D922EA904F5D1338FE2F6C3D7F6AA92448D3C9DA8A9B2CE1DD539EAEBBD7B892C6BAC7F3AB9F14F8B6360B9B5BF863C000188CA000008C7CA39E0AD7FF385BBEB2C24E118F9473C15AFFE70B77D65865E039D5BF8A3C58798734B9F0CF82A00006C56BB0000794E74F297E9963DEDB09F98E83EAEC282D39D3CA5FA658F7B6C27E63A0FABB0ACED27B36FBFC967D9BE373BBCDB3000AAAD20000113B94CFC1A24F3ED0FEF92C489DCA67E0D1279F687F7CCDCBB9DDBED861E63CD2E764AA54006C36BB0000794E74F297F1971DEF30BF9968BD430A074E74F297F1971DEF30BF9968BD430ACED27B36FBFC967D9BE373BBCDB1000AAAD2000000000000F554CECA5A696A64544642C748E55E8444D548AD6DCBDC6D8FAE75376A2B53E386B277CDDB353AC71AEF39575455E2EE7E845256B9AD7355AE445454D15179950222226889C0AFE77B3F6B3DAADC622B98A28D77474CCE9D3EED3ABA5E17AC45F98E54EE8729C2FB3DE1BB6763A8C475525D674D15624D638517AB445DE72795535EA3A851D0D15BE9DB4B41490D342C4D1B1C4C463513C4887BC19F97E5382CAE8E4612DC53EFE99ED99DF2EF6ED516A34A6000122F401F874B13646C4E9588F7A2AB5AAE4D574E7D10FD800000000035ECC3C290E3AC0788706D423772F56DA8A1D5DCC8B246AD45F42AA2FA0D841CD3334CC4C38988AA3497F3D3574B51435535155C2E8A7A791D14B1B934563DABA2A2F8D150F51DAF6CDC1A9823698C776D8A2EC70575C9D758537775376A51265D13A91CF722790E286CBB3722F5BA6E474C44B5ADFB7366E556E7A2660001E8F200005CFEC318F9B981B32E11AA966EC959658A4B255FE6BE9DCAD6795561589DFAC77C2BEF92871B2496EC719752CA9AC32C179818ABC747276291513CAD8F5F2A16086BDCCACFA0C5D747BF5F9EF6C3CBAF7A7C2D15FBBC370003059A00000000C7AEA0A1BA524B4172A282AE9676AB258278D248E46AF054735C8A8A9E2522FE6BF272E41661D44F74C394B5782EE33AABDCEB568B4BBCBD3DAEEEE5A9E262B13C84A807B59C4DDC3CF2AD5530F1BD87B5888E4DDA6261541989C9979F5856A279B06D659B175BDAAAB13A09FB56A95BF9D0CBDCA2F89B238E018C32133A700F647E2ECAFC476E8625D1D50FA091F022FF7AD4567CE5EF0266D6D0E228DD7298ABE9FEFC90F7767F0D5EFA2669FAFFBF37F3CAA8AD556B91515382A2F41E0BFDBDE02C0B89A474D89305D8AEAF77B67575BA19D57A38ABDAA6A55BB34ECFD5F22CB539378455CAAAEEE2D5131355E7E0D443369DA3B73ED5B9F9B0AAD9CAFFC6E47CBF951782F23F92D6CE9EF33857E4F61F76D392393762723ED195584A95E8BAA3E3B353A3D3F5B735F9CE6768ED74513F38711B39735DF723E4A3CC279738FF1DCE94F82F055EEF8FE9ED0A09666B7C6E735151A9E3553BFE01E4E5DA47194B13EF166B6E15A37AA6FCD75AB4EC8D6F8A2891EE55F12E89E342DDE28A28236C30C6D8E362235AC6A688D44E8444E63F661DDDA1BD56EB74C47D7ECCCB3B3D628DF72A9ABE9FEFCD1072A7934324F044D4F72C755D5D8DABA1547F63A96F6AD1AB93FF258E5572789CF545E9454E0479E544B2D9F0F660605B4D86D5476DA1A7B048C869A9206C3146D49D5111AD6A2222168856472AE77D0C17E6297D7B8E99562AF6271D4CDDAA6774F83BE6B86B386C0D54DAA623878A0D800B92980000EDFB13F85265F79C9DEA642EB0A53D89FC2932FBCE4EF532175853B68B9C53F0F9CAE5B3DCDAAF8BCA0001009E000000000000000000000000000000000A90E525CC3FF008CB68A9F0E534BBD4783EDF05B1A88BC1677EB34AEF2EB2358BFDD96CD73B8D1DA2DB5776B84EC82968A092A2795EBA3591B1AAE7397C4888AA507E62E2FAAC7F8F710635AD739D2DEEE33D6AEF2EAA88F7AAB517C89A27A0B0ECF59E5DEAAECFF008C7D655FDA1BDC8B14DA8FF29FA47FB0D74005BD4F000000000CBB3FBAD45F098FE9218865D9FDD6A2F84C7F490E2783B51ED42CB4007C1AB48000000007DFC0366FBBF8CED16A566F325AA63A54FF00CB6AEF3FFD2D53E01D53677B576E631A9B9399AB68291CA8BD4E7AEEA7CDBC4AE4784F5ECCACD89E13546BD91BE7E90F4B34F2EE534A47800FA39610000000000000000000000000000000000000A54DB6ADD25B36A4CC086462B166B8B6A5134D35492163D17D28E2EACAA6E540C1325833F28717471AF6BE29B2C12B9FBBA22D453AAC2F6EBD3A46D817F589DD9FB914E2A699E989F2941E7F6E6AC2F2A3A263EC87A002E6A5800005C4727FE69FDF27675B2DBEB2AD26B9E1255B1D4A2AF7491469FF002EABE2EC4AC6FEA294EE483D8AF68C7ECFB9AB1CB7AAC91984F10A328AF4CE2AD891157B154E89D31AB9DCDC775CF422F37C24E2F0D314FB51BE1299462E3098989AFD9AB74AE601E9A4ABA5AFA586BA86A62A8A6A863658A689E8F648C54D51CD72705454E28A87B8A1AF800000000000000718DABF680B66CF99535F8892789D882E2C928AC54CE545592A9CD5D2456F4B23D51CEF2226A9BC87A5AB555EAE2DD11BE5D2E5CA6CD1372B9D22159FB7A63E8F1FED3789E6A59D25A2B1A4164A6722EA9A40CFC269FF0059F291ECF7D756D5DCAB6A2E35F50F9EA6AA57CD34AF5D5CF7B9555CE55E95555553D06C7B16A2C5AA6DC74468D7188BD37EED5767A6750007ABC400F6D2D34F5B550D1D2C6B24D3C8D8A36273B9CE5D113E350715D06C39677597658C050BDAE6BEA68A6AC76BD292D448F6AFF855A77635CCB8C311609CBDC3183A156AB2C767A3B722B5344776185ACD7D3BBAFA4D8CD6B88B9E96ED55F5CCCFD5B2EC51E8AD534754440003C5EA0000118F9473C15AFF00E70B77D65849C231F28E782B5FFCE16EFACB0CBC073AB7F1478B0F30E6973E19F0540000D8AD760000F29CE9E52FD32C7BDB613F31D07D5D8505A73A794BF4CB1EF6D84FCC741F576159DA4F66DF7F92CFB37C6E7779B66001555A400002277299F83449E7DA1FDF258913B94CFC1A24F3ED0FEF99B9773BB7DB0C3CC79A5CEC954A800D86D760000F29CE9E52FE32E3BDE617F32D17A86140E9CE9E52FE32E3BDE617F32D17A86159DA4F66DF7F92CFB37C6E7779B62001555A40000000000000450CFDE509C0991F8E2E79771E07BBDFEEF6AEC693BA3A98E9E9B79F1A3F777D779DAA6F222F71D6464C69CA999D3799248B05E11C3587299CBDC3A56495D50C4FEDB95B1AFF00FC649D8CA3178888AA9A7489E999FF00651B7F36C261E669AAADF1D111FEC2D28D5719E6AE5B65DC4B2E39C7564B2689BDB9595B1C722A75A3157797D08537E31DAF3690C72D921BCE6D5F618254547C16F9BB498AD5E76AF61DD5545E6D157439154544F573BEA6AA79269A572B9F248E5739CABCEAAABC55493B3B3954EFBB5FCBF9465EDA3A23FB546BDBBBEEB60CC8E52FC81C1EC929F07C576C655CDE0D4A387B5A975EA74D2E8BE96B1E45BCC6E537CF4C54C968F04D0DA307D3C9AB5258224ABA944FEDCA8AD45F1A335EAD087E096B193612C6FE4F2A7DFBFE9C1137F3AC5DEDD157263DDF7E2B0CE4D09719664663636CD5C798A2ED7DAAB6DBA2B653CB71AA92A151F5127647AB55EAA8D546C0D4E1D0F54E62C3C88FC993839D60D9DDF892589CC93135E2A6A98AA9A6F4512A40D5FF00147212E0AA66B5C578BAF93C2377C96BCAE89A309472B8CEFF009EF0004724000000001599CAAD80D6D99838473129E2448AF96D96DD3AA7F4D4CF4722AF95932227F61482E5B5F296E0DFF89367292FB1C5BD2E1ABAD3576BBBAAB637AAC2EE3D09F846FC4854A17AC92EFA5C1D313D1AC28D9DDAF458C998FF002889F2F20004B220000122F601CC09F01ED35872259B728B12B26B15622AE88E6CADDE8BFF005A387D1A97207F3F584B10D5612C5368C5142ABD9ED15D056C7E3746F47227A742FDEC578A1C4564B7E20B5CE9351DCE921ACA791399F148C47B5DE945452A3B456793768BB1D31A7CBFE56FD9DBDCAB355A9E89D7E7FF000CE0015D58400000000000000000000000000002B239573BE860BF314BEBDC59B956DCAA75CD973C30D5B91EAAB4F8622955BAF04DFA99D39BA3DA7EC263238D7191D93E088CF274C155DB1E285A002F0A300003B7EC4FE14997DE7277A990BAC294F627455DA972FB4FFF005277A990BAC29DB45CE29F87CE572D9EE6D57C5E50000804F0000000000000000000000000000000023DEDE58F9701ECCF8A5609FB1555FD8CB1C1A2E8AA93AE92227FD2493D053413EB955F329D5988308E53D1547E06DD0C97AAF622F059A4FC1C28A9D6D624ABE49480A5DF23B1E8B09154F1AA75F25233DBFE9715C88E14C69E6000994300000000065D9FDD6A2F84C7F490C432ECFEEB517C263FA48713C1DA8F6A165A003E0D5A400000000244ECE5686D2E17AFBBB9BA495F57B88BD6C8D344FF00539E47625CE575AFEE4E01B2D32B375F2533677A78E4EEBFDD0BD7F4FF000BE9B339BD3FE14CCF7CEEF0D59B80A75B9AF536A001BA53000000000000000000000000000000000000010F794D32C26C5F927498EADF4AB2D560DAD49A6DD6EAE4A49B48E45F223BB1AAF89157A09847CEC4761B6E2AC3F73C337981B3D05DA926A2A98DC9AA3E2918AC727C4AA64616FCE1AF53763A25E189B1189B355A9E987F3EA0DDF3AB2AEFD92D9997CCBBC4302B66B6542F6BCBF8B514CEEEA195ABD28E62A2F897545E28A6906C6A2BA6E5315D3C25AE2BA2AB754D1546F8000767500004D5D8A36E6932BD2932AB372BA59B09B9E91DBAE6AD57C96A55FC47E9C5D06BD48AACD579DBC12CEED377B5DFADB4D79B25C69EBE82AE34960A9A791248E562F32B5C9C150FE7BCEB5923B51670E41D4763C11891EFB4BE4ECB35A2B5166A391DD2A8C55D58ABD2E62A2AF0D75D1080CC725A71354DDB1BAAE98E89FB2C197677387A62D5FDF4F44F4C7DD7820847967CA9395F7CA58A9B33F0A5D30D57A222493D1276E523D7AD39A4679375DA7E529DDF0FED8DB31E246C6B459CB87699D222773709D6895AABD0AB323513E32B5772FC5599D2BA27E5AF82CB6B1F86BD1AD15C7CFEEECA0D1A3CF6C90958D962CE4C0CF639356B9B88A8D5153AD17B21F32EDB4DECED656B9D5F9DD82756EA8E6437BA79DE8A9D6D8DCE77CC78459BB33A4533F27BCDDB711ACD51F374C046CC55CA15B2F61A63FB5B1A555F2562708ED9412BF797A91CF46B7D3AE8468CDCE54CC537764D6BC9CC191D8E1722B5B73BABDB3D4AA75B616FE0E35F2B9FE832ECE558BBF3A45131DBB9897B34C2588D6AAE27B37F8271678E7E65EE416139B12E36BB46C9DD1BBB42DB1B916A6BA54E6646DE7D35D3572F7289C554A74CFCCF5C61B40E3EAAC6D8AA5EC716AB15BA818E558A869B5EE636F5AF4B9DCEE5E3D489A9E33C718BB30EFF00518A71BE22AEBD5D6A97F09535932C8ED1399A9AF06B513823534444E0887C32D79765746063953BEB9E9FB2A99966B5E3BF253BA8EAEBED0004AA2400003B66C6996B3E68ED1784AC8B4CE9686DF52B77B83B45DD8E9E9D37F55EADE7A46C4F1BD0E2659CF25F64D54E1AC0B78CE0BCD1762A9C52E4A2B62BD3BA5A189DDDBD3A511F2A2A78FB1A2F36847E6989F56C2D5574CEE8ED9FF7548E57869C4E2A9A7A237CF7271000D7EBF800000000463E51CF056BFF009C2DDF59612708C7CA39E0AD7FF385BBEB2C32F01CEADFC51E2C3CC39A5CF867C150000362B5D80003CA73A794BF4CB1EF6D84FCC741F57614169CE9E52FD32C7BDB613F31D07D5D8567693D9B7DFE4B3ECDF1B9DDE6D9800555690000089DCA67E0D1279F687F7C96244EE533F06893CFB43FBE66E5DCEEDF6C30F31E6973B2552A00361B5D80003CA73A794BF8CB8EF7985FCCB45EA18503A73A794BF8CB8EF7985FCCB45EA18567693D9B7DFE4B3ECDF1B9DDE6D880055569000000000F0E735AD5739C88889AAAAAF0443C9CCB699C65FF0000E42639C4CD99229A1B354434EED78A4D2B7B1B34F1EAF454F21DEDD1372B8A238CCE8EB5D716E99AE784299B3AF1AA662E6E62FC6F1C8E7C377BC555453ABB9FB02C8A9127F811A69401B2E8A628A6298E10D675D7372A9AE78C8003B3A8796B5CF723188AAE72E8889D2A7837BC88C1B266167360BC1B1C6AF6DD2F54B14DC35D214911D2BBD0C6B97D075AEB8B74CD73C21DEDD1372B8A238CCE8BA4C87C1D0E5FE4C60AC1F0C2D8D6DB64A58E546F32CCB1A3A57795D239EBE937C3C35AD63518C6A35AD4D111134444EA3C9ACEBAA6BAA6A9E96CBA298A298A63A0001D5D800000001A66736098B32329B17605918C73AF567AAA5855CBC193AC6BD89FFAB2231DE8286658A48257C333158F8DCAD73579D15174543FA1854454D15354528D369DC16B97BB4063AC29D89638E9AEF2CD0B77777F033224D1AE9D08AC91ABE92CFB39777D76A7B7CA7C959DA3B5F968BBDB1E7F77300016955400002E5F60CC70B8DB664C29D966EC951626496597576AA8903B48D17AB48D589E829A0B13E4A1C7C8FA6C719615332EF46EA7BE51B3F357F033AFA1529FFC4A4367B67D2613951FE3313E49AC86F7A3C57227FCA263CD61000290BB00000000000000000000000000000530EDD78CE3C6BB50632AAA69BB252DAE586D102A2EA89DAF1359269E2ECBD917D25ADE7E66FD9323B2B2F79817995BD92929DD1D053AAE8EAAAC722A4312795DA2AAF435157A0A32BC5D6BAFB76ADBDDCE759AB2E1512554F22F3BE47B95CE5F8D54B2ECEE1E66BAAFCF0E11E6ADED1622228A6C47199D67FDFF0078310005AD53000048DE4F7B43AEBB56E117E8E58E822AFAB7E9D08DA4951BFEA734B8E2B0392A70BAD7E6DE2BC5D2428E8AD1614A46397F165A89D8A8A9FAB0BD3D259F949CFEBE5E2F4EA888F3F35DB21A39183D7AE667CBC80010A9A00000000000000000000000000000F0AA889AAAE888793956D4B9891656E41633C5CB5290D4C76E7D25177488E754CEA91468DEB5457EF70E646AAF41DEDD1376B8A29E333A3A5CAE2DD135D5C237AA3B6A5CC88F35F3EF18E30A49D66A092E2FA4B7BF5E0EA583F051B93A91C8CDEFD6395055555D5578A83655BB716A88A29E111A35B5DB937AB9B957199D4001DDE60000000019767F75A8BE131FD24310CBB3FBAD45F098FE921C4F076A3DA8596800F83569000000006659EDEFBADDA8ED8CD51D573C70A2A746F39135F9C9A91451C3132189A8D646D46B5A9D089C1108A793B6D5B9E625A63DDD5B03DD50EF1231AAA9F3E84AF36EFF004E70DC8C25EC47EAAA23FF008C6BFF00F495CBE9D299A8001B1920000000000000000000000000000000000000000088FCA09B32BB37B02B731B08D0BA4C5785617BDD144CD5D5F43CEF8F44E2AF671737F593A534A9C5454554545454E0A8A7F437CE5686DF5B1ACF85EBEBB3C32BAD8F92CD56F7D45FADB4F0FF00DC245E2EA96227FE1395555C9A26E2A6BC515776CD92665147FDADD9EC9F2FB2B59DE5B35FFDCDA8DFD31E7F74130016A550000000000000000000000000000000CFB0586F18A2F5458770FDBE6AEB95C6765352D342DD5F2C8E5D11A887133111ACB988999D21BD6CF592B7CCFBCD2B4E00B4A3A2A799FD9EE5568DD5B4B46C5D64917C7A772D4E9739A9E32F030DE1EB4E12B05BB0C58695B4D6EB55347494B1379991B1A8D6A7C48715D8FF00664B5ECE797AD86BA2827C5D7B6473DEEB19DD6EB91356D3B17F219AAF14F6CE555EAD3BE146CDF1FEB9779347B34F0F7FBD79CA701EA56B5AFDAAB8FBBDC000894B000000000463E51CF056BFF9C2DDF59612708C7CA39E0AD7FF00385BBEB2C32F01CEADFC51E2C3CC39A5CF867C150000362B5D80003CA73A794BF4CB1EF6D84FCC741F57614169CE9E52FD32C7BDB613F31D07D5D8567693D9B7DFE4B3ECDF1B9DDE6D9800555690000089DCA67E0D1279F687F7C96244EE533F06893CFB43FBE66E5DCEEDF6C30F31E6973B2552A00361B5D80003CA73A794BF8CB8EF7985FCCB45EA18503A73A794BF8CB8EF7985FCCB45EA18567693D9B7DFE4B3ECDF1B9DDE6D88005556900000000086DCA898E5960C8DB4E0C86656D5628BCB379A9F8D4D4CC5924FFD4741F19324AB7E54CC61F75B3930FE0F8E5D63B0599257B5175DD96A1EAE5D53A17758CF46849E4F6BD36328D7A37FCBF94666F77D0E0EB98E9DDF3FE10B0005F54200000975C98D843EEEED0D2E26922574786ACD5350C722706CB322409FE87C84452CBB9297042D1603C659853C488EBADCE2B5D3B9538EE53C7BEF54F12BA76A795846E6F77D160EB9EBDDF3FE12793DAF4B8CA3DDBFE5FCA76800A0AFA0000000000001573CA9981E2B367161FC71494E8C8F11D9921A9727E3D4D33D5BBCBFF49F0B7F50B46219F2A2E0696FB92369C6B494EAF930BDE63ED87237DA53543563572AF5765EC09FADF1CA64F77D16328F7EEF9FF28CCDED7A5C1D71D5BFE5FC2AC0005F1420000091BC9FD8D5B83B69DC3514D324705FD93D9E4D5744574ACD634F4C8C62278D508E47D4C2988AE1847145A315DA6558ABACD5F4F70A67A7E2CB148D7B57E36A1E388B5E9ED556FAE261EF86BBE82F5373AA61FD0383E761DBDD1E25B05B7115BDDBD4B74A48AB215D75EE24623938F914FA26B698D27496C989D77C000380000000000000000000D5734B11625C2397788314E0FB2C177BBDA6864ACA6A199CE6B6A1634DE73356F1D7751DA69CEBA2749CD34CD5314C74B8AA7931332DA8E7D9C39EF96591987E5BF63FC47052B9235753D046E47D5D5BBA1B145AEABAAF4AE8D4E755442B531D72956D158AE196930FCF66C2B0CA8ADDEB7D22493222A69A23E6DED3CA888A9D0A8461BFE22BFE2ABA4D7BC4D7BAEBB5C2A5CAE96AAB6A1F34AF5F1B9CAAAA58B0DB3D72A9D7113A475471FF007E6AF627682D531A61E359EB9DD1F7F075BDA836A3C5FB49E2B6D6D7B64B661CB72AB6D5676C9BCC89179E591799F2BBA57A138270E7E260169B56A8B1445BB71A442AD7AF577EB9B97275990007A3C800FA98570DDD718E26B5613B1D33EA2E178AC86869A26A6AAE9247A35BF3A9C4CC446B2E6226A9D21679C97B97F2E1EC95BA639AB8159262ABA3BB5D5CDD15D4F4E8B1A3917A964ECA9FAA4CB35ACB4C116ECB6CBFC3D80ED4C6B69AC56F8689AAD4F6CAC6A239EBD6AE76AE55E9555536535CE32FFACDFAAEF5CFD3A1B1F0963D5AC536BAA3FE40018CC800000000000000000000000000000AF4E559CC87362C1F94D4952A88E7497DAE8D1578E9BD141AA7A66FFDA1614E7358D57395111135555E8429036AFCCE9736F3F71762D49B7E89B5AB6FB7A22EAD6D2D3FE0A3D3FB5BAAF5F1BD49AC8B0FE9713CB9E14C6BDFD086CF711E870BC88E356EFBB92000BB29000000000000019767F75A8BE131FD24310CBB3FBAD45F098FE921C4F076A3DA8596800F8356900000000763D9B6D9D96F776BC39BC29E99B4ED5F1BDDAAFCCC4F8C900729D9D6DDDAF842AEE0AD445ABAC7222F5B58D44FDAAA75637EEC7E1BD5B26B31D356B57CE67CB44E6129E4D980005999200000000000000000000000000000000000000001F89A18AA217D3CF13648A56AB1EC726AD7355345454E94543F600ACFDB2F606B8E16A8B8669E495B24ACB1BD56A2E5638537A6A15FC69206F3BE2E95626AE6EABA6ADF6B055515AAAD722A2A705453FA19544545454D514897B4C727DE03CE39EAF17E5FCD4F853164E8AF91123D282B64EB958D4D6372F4BD88BD6AD552CD96E79C888B58AEE9FBFDD5ACCB24F4933770DC7A63EDF654C837BCD6C8FCD0C95BBFDC8CC5C29556D57395B0D4E9BF4D51A74C72B7B9775E9AEBD686885A28AE9B94F2A89D6156AE8AADD5C9AE34900076750000000000000000003BC6426C679C99F1534D5B6EB43AC586E554592F7728D5912B3A56167074CBD5BBA37ADC9CE79DDBD6EC53CBB93A43D6CD8B988AB916A35971AC3786AFF8C2F74986F0BDA2AAE973AF9121A7A5A5896492472AE9A2227EDE642D7F635D8BAD790740DC698D9B4D72C735D1222B9A88F8AD6C54E3144BD2F5D7473D3C89C3555E8BB3DECAD95FB3ADA95985E816BAF952C46D65EAB1A8EA997F359D1133F35BCFD2AA7642A199E7138A89B567753F59FE16FCB327A709A5DBDBEBFA47F2000824E0000000000000463E51CF056BFF009C2DDF59612708C7CA39E0AD7FF385BBEB2C32F01CEADFC51E2C3CC39A5CF867C150000362B5D80003CA73A794BF4CB1EF6D84FCC741F57614169CE9E52FD32C7BDB613F31D07D5D8567693D9B7DFE4B3ECDF1B9DDE6D9800555690000089DCA67E0D1279F687F7C96244EE533F06893CFB43FBE66E5DCEEDF6C30F31E6973B2552A00361B5D80003CA73A794BF8CB8EF7985FCCB45EA18503A73A794BF8CB8EF7985FCCB45EA18567693D9B7DFE4B3ECDF1B9DDE6D880055569000000000A3BDAAB1EBF327686C758A7B223E075DA5A2A554E65A7A6D208953CAC89AEF2AA97339AF8AA2C0F9658AB184B22312CF67ABAC476F6EF74C89CAD445EBD7444F1942955512D654CD573B95D2CF23A47B97A5CABAAAFC6A59B672D6B557767B3CFECAD6D1DDD28A2D474EF7A8005A95400000BAAD8A3082E0BD997045BA48BB1CD5946EB94A9BBA2ABAA24749C7AF839BC7AB429AB09E1CAFC618A6CF84ED4CDFACBD57D3DBE9DBD724B2358DF9DC85FCD96D34760B35058ADECDCA5B752C549037AA38D88D6A7C48856F68EEE94516BAE75F97FCACBB396B5AEBBBD5BBFDF93340054D6B0000000000000E71B46E0B6E61645E37C21D8BB23EBACF3BA16EBFF008D1A7658D7D0F6357D07473F2F632563A39188E63D15AE6AA6A8A8BCE8A77B75CDBAE2B8E31BDD6BA62BA6699E12FE79DCD56B95AE4D15174543C1BD67A606972D738F196077C6E64769BCD4C34FBC9A2BA9D5EAE85DFAD1398EF49A29B2E8AE2E5315C7096B4B944DBAE689E31B8001D9D0000172FB0663C663CD9930B4AFA8ECB5762ECD64ABEB6BE17F709E985F12FEB1210AF1E4A0C6AA898EB2EE69B82AD3DE69E35774E8B14AA89E448B5F22161C6BECCECFA0C5D74FBF5F9EF6C2CB6F7A7C2D15FBB4F96E0006033800000000000000000001497B5F652BB26B3EB12619A7A4EC16BAD9BEEADAD11BA3169675572237C4D76FB3F50E305A1F2A06522E26CB2B566B5B68D1F5984EA3B5AB5EC6776B453B91A8AABCEA8D97734EAEC8E5E952AF0D8195E27D6B0D4D73C6374F6C2819AE1BD57155531C277C778002411C00001609C99FB38D5CB5F26D078AE87B1D3C09251E1D8E46F7523D53765A9445FC544556357A555FD49AF11D903639C45B41DF22C478920A8B6603A1935A9ACF68FAE7B5745820EBE3AA39FCCD445E9D10B77B158ED1866CD4587EC16F8682DB6E8194D4B4D0B7759146D4D1AD44F2215CCEF32A68A270D6A77CF1F74752C99265B55554626EC6E8E1EFF7B38005496C0000000000000000000000000000000071ADAEF361727320B13E28A4951974AAA65B5DB38E8A95351AB1AF4FEC22B9FF00A8524AAAAAAAAAEAABCEA4F2E54ECDA6DD315E1CC9BB6CBAC365856EF7256BB83AA26456C51AA75B236B9DFF00593A881A5DF23C3FA1C372E78D5BFBBA3FDF7A939EE23D3627D1C70A7777F48002650A00000000000019767F75A8BE131FD24310CBB3FBAD45F098FE921C4F076A3DA8596800F835690000003D9044E9E78E06F3C8F4627955743988D674812CF2A6D7F7232FAC94CADD1D253F6C3BCB22ABFF007913D06D8635B695B436EA5A26B74482164489D5BAD44FF6324FA67056230B86B7623FC6988F9468B1D14F2698A7A800192EC000000000000000000000000000000000000000000000000F9D8830E583165A2A2C189ECD4575B6D5B7727A4AC81B2C52278DAE454226E6DF266E4CE3464F70CBBB8D760BBA3D55CD8E3FF9AA076BAAE8B0B951EDE3A68AD7A2226BDCA930C19163157B0D3ADAAA63FDEA785FC2D9C4C697698954663EE4DEDA37087659EC16EB662CA58F55475B6ADAC955A9C75EC72EEAAAF8915557A3523EE29CB1CC7C1150B4B8C701621B2488BA695F6D9A045F1A2B9A88A9E34E05FA9EB9E082AA2741530C72C4F4D1CC7B51CD7278D179C98B3B437E9DD72989FA21AF6CF58AF7DBAA69FAFF00BF37F3D2AD56AAB5C8A8A9CE8A782FAEF393B94F88975BEE5AE18AE55E759ED503957E369A8DCF645D99AECAAEABC94C2ED573775569E8FB5FA75FFC356F1F1F399B4ED1DA9F6A89FA7F0C3AB672E47B35C7C94840BA9FE445B2B7BCDDABFCC54FDA1EEA6D8B365BA472BE2C99B2395C9A2F6574D227C4E7AE877FFA8B0FFA67E9F774FF00A76FFEB8FAA940F6D3D255D5BD23A5A59A672AE88D8D8AE55F88BCFA0D9BF202D8E6BA832670740E6F1456D9E0D7E3DD370B4610C2760DCFB85866D56F56268D5A5A38E2544F2B510F2AB68E8FF1B73F37AD3B3957F95CFA7F2A4BC13B30ED01986E8D70BE536239A0957B9AAA9A3752D3AFFD59B758BE8524465FF25A66C5F1D154660631B361AA6556AC9153B5D5D51A74A688AD622FEB2F3F496860C1BDB4189AF75B88A7EBE3F66759C830B6F7D7AD5F4F0FBA3C654EC1FB3C6563A9EB9B859D896E9068EEDDBEB9B51DDA7E3362D1236F1E6EE5553AD490CD6B5A88D6A2222268889D0879043DDBF72FD5CABB54CCFBD316ACDBB14F26DD3111EE000793D0000000000000000038B6D7F94D8B33B3236EB97D82528D6EB595747347DB737628F76399AF76AED174E08BD076907A5AB9559B91729E313ABCEEDAA6F5B9B757098D152BEC65ED33FD1E15F9597ECC7B197B4CFF0047857E565FB32DA812FF008FE2FDDF2FE511F80613DFF3FE152BEC65ED33FD1E15F9597ECC7B197B4CFF0047857E565FB32DA80FC7F17EEF97F27E0184F7FCFF00854AA7265ED308A9F83C2BF2B2FD996A382ED55761C1D61B1D7EE76CDBAD94B4936E3B56F648E26B5DA2F4A6A8A7D906163330BD8E888BBA6EEA66E0F2FB381D66D6BBFAC00182CE00000E11B6764D632CF5C9A7E05C0A942B735B9D355A76E4FD8A3EC71EF6F775A2F1E29D077707A59BB558B91729E31BDE77AD537ADCDBAB84EE54AFB197B4CFF47857E565FB31EC65ED33FD1E15F9597ECCB6A04BFE3F8BF77CBF9447E0184F7FCFF854AFB197B4CFF47857E565FB31EC65ED33FD1E15F9597ECCB6A03F1FC5FBBE5FC9F80613DFF3FE152A9C997B4C22A7E0F0AFCACBF665A9E0FB65559309592CD5BB9DB1416EA6A59B71756EFB226B5DA2F4A6A8A7D706163330BD8E888BBA6EEA66E0F2FB381D7D16BBFAC00182CE0000000071CDAD32F730735F23EF397996DDA2973BDCD4D0CCEABA8EC2C6D33256C9268ED178AEE35BA69CCE52BE3D8CBDA67FA3C2BF2B2FD996D4091C26697F0547A3B5A69AEBC11D8BCB2C636B8AEEEBAC469C552BEC65ED33FD1E15F9597ECC7B197B4CFF0047857E565FB32DA8195F8FE2FDDF2FE58BF80613DFF3FE152BEC65ED33FD1E15F9597ECC7B197B4CFF0047857E565FB32DA80FC7F17EEF97F27E0184F7FCFF00856FECDFC9FB9CF9799D785B1CE3D8F0FAD9AC756B5B2A535C165915ED63BB1E8DDC4D7BBDD5E7E82C80023F178CBB8DAE2BBBC6376E48E13076B0544D16B84CEBBC00188CA0000000000000000404DB1361BCD6CE4CE8ABCC3CB86D93B4AE5454CDA94ADAD585FDB11B771574DD5E1BAD67C4710F632F699FE8F0AFCACBF665B5025ECE758AB36E2DD3A691BB8226F64B85BF726E55AEB3EF54AFB197B4CFF47857E565FB31EC65ED33FD1E15F9597ECCB6A07A7E3F8BF77CBF9797E0184F7FCFF854AFB197B4CFF47857E565FB31EC65ED33FD1E15F9597ECCB6A03F1FC5FBBE5FC9F80613DFF3FE100763ED8EB685C81CEBA1C6B889B60FB853D1D4DBEE8DA5B8AC92AC4F66F315AD5626BA4AC8979D386A4FE008DC5E2EBC65CF49734D786E496170B460EDFA3B7AE9EF0006332400000000000000000001F2317E18B6634C2B78C217A81B3505EA867A0A863935458E562B17D3C7E3286F307065D32EF1C5F7035E62732B2C55F350CBAA69BDB8F54472789C9A3917A5150BFB21A6D5FB055DB3FB3521CC4C278A6D1624ABA28A9EEA955148F7CB2C7DCB246B5A9A2AF6346B57554F6A84DE4B8EA30972AA2ECE94CF8C2173AC0D78BB74D56A35AA3C2555E0B1DC39C93D6289E8EC599BB5D52D44E2DB7DB590EABE57BDDA7C4771CBED803666C02F8EAA4C192E24AC8F454A8BED4AD4A22FF72DDD897D2C55F1937773EC2511F9666AEC8FBE883B590E2EB9FCFA53DFF654EE5EE53E63E6B5DE3B265EE0EB9DEEA5EA88AB4F0AF62893F2A49574646DF1B95109E9B3D7264DBED33C189F3F2E515CA666EBE2B0D03D7B035DCFF87979DFFD86E89D6E5E6276D9EC765C3D42CB6586D3476EA489111905240D8A36E89A706B5113990CE217179EDFBF1C9B51C98FAFCD3784C8EC589E55CFCD3F4F9316D96BB6D96DD4D68B3D053D150D1C4D829E9A9E348E28A36A68D6B5A9C11113A10CA0083E29B000000000000000000000000000000000C2BD5E2DD87ACF5D7EBBD4B69E86DB4D255D4CAEE68E28DAAE7397C888A66913B947F37A3CBEC8C760CA0A9DDBBE369FB418C6AF74CA3668FA87F917B88FFEA7894F7C3589C4DEA6D474CBC7117A30F6AABB57442B1B387316BB36733B11E61D7B5CC75EEBE4A88A272EAB143AE9147AFE6B11A9E834E00D8F453145314D3C21ADEBAE6E5535D5C64001D9D400000000000032ECFEEB517C263FA486219767F75A8BE131FD24389E0ED47B50B2D001F06AD200001F7F00DB96EB8D6C943BBBCD7D744E7A7E635C8E77CC8A7C03A3E40D0F6D6614352A9C28E9669517C6ADDCFD8F524F26C3FADE6362CCF09AA9D7B35DFF0047A59A7957298F7A4E000FA41610000000000000000000000000000000000000000000000000000000000000000000000000000000000000000000000000000000000000000000000000000000000000000000000000000000000000000000000000000000000000000000000000000000000000000000000000000000000000000000000000000000000000000000000000000000000000A71DBD33962CDCCFCBA4169AA59AC985116CB42E45EE647C6E5ECF2278965DE445E96B5ABD2599ED539C14F92392188B1924A89729205B7DAA3D78BEB26456317C8CD55EBE262948534B2D44AF9E691CF92472BDEE72EAAE72AEAAAA59B67B0BAD55622AE8DD1E6AD6D0E2B934D387A7A77CF97FBEE7E0005A95400000000000000000CBB3FBAD45F098FE9218865D9FDD6A2F84C7F490E2783B51ED42CB4007C1AB480000767D9AE8B7EE97AB82B7843045122F52B9CABFBA718244ECE141D830A5C2E2A9A3AAAB9589E36B18DD3E7738B5EC558F4D9D5A9E8A7953F498F1986560E9D6F43AD000DF09B0000000000000000000000000000000000000000000000000000000000000000003F134F0D342FA8A89591451B55CF7BDC8D6B5139D55579900FD838C62EDB27663C0F5CEB6DFF382CEB52C5D1ECA08E6B86E2F539699922357C4ABA98163DB97652C435ACA0A0CE2B7452BD51A8EAEA2ABA28F5F1C93C4C6279554C88C2622639516EAD3B25E138AB1157266B8D7B61DD81F3EC9886C189A85973C397BA0BA51C89AB2A28AA59346E4F1398AA87D03C2626374BDE275DF0000E0000000000000000000000000000000000039ED6ED0F9076DAC9EDD70CEBC0B4D554B2BA19E09B10523248A46AAA398E6ABF54545454545E6543B534555FB31ABAD55D347B53A3A103E2E14C6B83B1DDB9D78C138AAD17FA0648B0BAA6D95B1D4C4922222AB55F1AAA6A88A9C3C67DA38989A674973131546B0000E1C800000000000000000000000000000000000001A6627CE8CA0C15767D8718E69613B1DCA363647D1DC6F34F4F335AE4D5AAAC7BD1C88A9C5174E276A68AAB9D298D5D6AAA9A235AA746E60D5308E6CE5763FAE9AD781731B0CE21ACA78BB3CB4F6BBAC15524716A8DDF736372AA375735355E1AAA1B58AA9AA89D2A8D0A6A8AE35A675801857ABDD9F0E5AAA6FB882EB496CB75146B2D4D5D5CCD8618589CEE7BDCA88D4F1AA9A27F294D9DFDFD7007FF31D1FDA1CD36EBAE35A6265C55728A3755310E900F450D7515CE8E0B8DBAAE1AAA5AA8DB3413C2F47C72B1C9AB5CD727054545454543DE747700000000000000000000000000000000000001A3DFF003CB25B0A5DEA70FE28CDBC1D68BA51AB5B51455D7BA68278555A8E447B1EF473756AA2F14E65453E7FF294D9DFDFD7007FF31D1FDA1EB162ECC6B14CFC9E537ED44E93547CDD201CEA1DA3767EA87A45067860391EBCCD6E22A455F586EB65C4360C494A95D87AF74173A67222A4B4752C998A8BCDC5AAA875AADD747B5130ED4DCA2BF66625F400074770000000000000000000000000000000000000000000000000034ACE6CCFB564DE595FF31AEED6491D9E91D2C3039FBBDB13AF08A245FCE7AB53C49AAF41DA8A26BAA29A78CBAD554514CD55708576F29B675B717E6550E52596A95F6DC231F65AFDD5E0FB8489AAB7C7B91EEA7F69CF4E82159F4711E20BAE2BBFDC7135F6A9D5370BA54C957552BB9DF23DCAE72FC6A7CE362E130F185B34DA8E8F1E96BAC66227177EABB3D3E1D0000C9630000000000000000065D9FDD6A2F84C7F490C432ECFEEB517C263FA48713C1DA8F6A165A003E0D5A40000254E4A51F69E5C5AD15BA2CFD9665F1EF3D745F8B422B13170151AD060BB252AB7456D0C2AA9D4AAD45FF73617F4EACF2B1F76EF551A7CE63ECCFCBE3F3CCFB9F78006E14B00000000000000000000000000000000000000000000000000000000000000000548EDABB61E23CE3C575D80F065DA5A1C0D69A8742C6D348AD5BA48DE0B34AA9ED99AEBB8CE6D3455D574D2C9F68EC4957847213303115BE57C55749876BBB5E462E8B1CAE85CC63D3C8E722FA0A2B2C9B3F84A2E4D57EB8D74DD0AE6D062EBB54D36289D35E3F601691B1A6C4B9636BCB2B1663666619A2C4988311524574861AD6F66A6A3A695A8F858912F72E72B15AE72B9178B953A38C8ABB6CD7B3EDEE9BB56BF26306F63E3FCC59E0A777F8A36B57E733AF67F62D5C9A22999D3A5816720BD76DC5755511AF42147252E10B954622C678EE5ABAB6DBE8A8E2B5C3024AE485F3CAF491CF56EBA2B9AD8DA88AA8BA6FA964069795993D97B92F65ABC3D973616DAA82BAB1F5D34492BE4D65735AD5D15EAAA8888D4444D744F49BA159CC31518CC455769E13C166C061A70987A6D4F1800061B3000000000000000000000000000000000284B383BED636FD23B97D6642FB4A12CE0EFB58DBF48EE5F5990B26CE7F72E7642B5B47EC5BED9595F25EF83EDC3F486A7D5C44C221EF25EF83EDC3F486A7D5C44C222733E7973B53196F34B7D90000C1668000000000000000000000000000000000000542F2917852DE3CD76EF5285BD150BCA45E14B78F35DBBD4A139B3FCEE7B27C90B9F734EF86EDC94FDFAF15FE8B3FEB74E5A21577C94FDFAF15FE8B3FEB74E5A21E79EF3C9EC8F07A647CCA9EFF171EDB03C18F31FCC737ED42914BBADB03C18F31FCC737ED4291497D9DFEC57DBE5086DA2FEFD1D9E6BE9C98EF4582FCC141EA186E469B931DE8B05F98283D430DC8AA5DFEE55DB2B65BF623B0001E6EE00000000000000000000000000000000A5EDBB7C2C3303E1549F5280E0A77ADBB7C2C3303E1549F5280EC9C9AB94F96F99F363B6E60E0CB65F92DEDA15A5EDD877FB16FACBBDBBD5AEEA7C45FE9C45384C0D17AA8D6229A7CA1419C34E2F1F5D9A67499AAAF3421367CBFCCDC7B95B7EA7C4980714D7D9EBA99E8F45A7995239345F6B233DAC8D5E96B91514B83C4DB14ECCB8A2D72DB27CABB65BD646AB5B536E5753CF1AFE535CD5D35F2A2A788A8FCF1CB19B27335B11E5C4B5AB58CB3563A282A1CDDD74B0AA23A372A2732EEAA6BE3D4E983CCAC663ADB88EE9EA77C665B7F2DD2EF2B775C744AD8363BDA8E97693C11532DD2921A0C55627322BAD344BF8391AED7B1CF1A2F146BB454545E67357A342409515C9B38A6BAC5B4F5B2CB4D22A4188ED95F4150CE8548E15A96AF951D4E9C7C6BD65BA955CDB0B4E13133451C277C2D39562AAC5E1A2BAF8C6E900046A48000000000000000000000000000000000000000000002B67950B3C5F75BFDAB226CB529DA968DCBADE7779DF54F62F608957A9B1B95EA9D2B2357F1509EB9BD99367CA1CB6BFE625F246253D9A91D3318E5D3B34CBDCC51275AB9EAD6FA4A2CC618AAF38E7155DB18E21AA754DCAF3592D6D54AEE992472B974EA44D7444E844442C190E13D2DD9BF570A7876FF080CFB17E8ACC58A78D5C7B3F97C8001705380000000000000000000032ECFEEB517C263FA486219767F75A8BE131FD24389E0ED47B50B2D001F06AD20000F653C0FA9A88A9A34D5F2BDAC6F95574426DD340CA5A78A9A24D19131B1B7C889A210FB0152256E36B1D32A6A8EAF81CE4EB447A2AFCC84C536BFF004DECE967117BAE698F944CF9A532F8DD548003662440000000000000000000000000000000000000000000000000000000000000001C7F6BEF064CC7F314FF00EC5221777B5F7832663F98A7FF0062910B7ECEFF0062BEDF254768FF00BD47679AF83217BC665D7E89DA3EA711BD9A2642F78CCBAFD13B47D4E237B2A97BFB9576CAD76FD88EC00079BB800000000000000000000000000000000000050967077DAC6DFA4772FACC85F694259C1DF6B1B7E91DCBEB32164D9CFEE5CEC856B68FD8B7DB2B2BE4BDF07DB87E90D4FAB8898443DE4BDF07DB87E90D4FAB8898444E67CF2E76A632DE696FB2000182CD0000000000000000000000000000000000000A85E522F0A5BC79AEDDEA50B7A2A17948BC296F1E6BB77A9427367F9DCF64F92173EE69DF0DDB929FBF5E2BFD167FD6E9CB442AEF929FBF5E2BFD167FD6E9CB443CF3DE793D91E0F4C8F9953DFE2E3DB607831E63F98E6FDA85229775B607831E63F98E6FDA852292FB3BFD8AFB7CA10DB45FDFA3B3CD7D3931DE8B05F98283D430DC8D37263BD160BF30507A861B9154BBFDCABB656CB7EC4760003CDDC000000000000000000000000000000014BDB76F8586607C2A93EA5012439267F9FCC6FEC5BBF6CC46FDBB7C2C3303E1549F5280E4D84B31730700AD4AE05C778870E2D66EF6CADA6E93D1F66DDD7777FB139BBDA6ABA6BCDAA97CAB0D38BCBE9B34CE9AD34F94A894E2630998557AA8D74AAAF35F75DEF16AB05B6A2F17CB9535050D2B1649EA6A656C71C6D4E9739DC10A45DA93316D39AB9F38BB1AD82659AD7575AB1514AA8A9D96189A91B5E88BC511DBBAA6BD0A869B8A73273131C231B8D71F623C4091FB44BA5D67ABDDF276472E86BA9A6A9BDAE9AF1D0F3CB32AF50AA6E5556B33B9E999E6DEBF4C5BA69D2237A60F262E5E57622CF7A8C78E89CDA0C256C9DDD977754754D437B0B23D7A17B1BA677EAF8CB5922C6C038D720EE9962B84328A9AA2DD77A046D55F292E2E6BAB6699C88D59D5EDD1248F5446A2B5111BC134455E329CAD66F7AABF8AAA6A8D34DDBD65CA6C53630B4C533AEBBF5800046248000000000000000000000000000000000000000000E6BB446725AF22329AF79835E8C92A69A1582DB4EE5FFBC56BD152267F677B8BBA9AD71DEDD155DAA28A637CBAD75D36E99AEA9DD082DCA719F54F89714DBF2430E57F65A2C3AE4ADBCAC6ABBAB5CE454642BD0BD8D8BAAF8E4D39DAA41733EFD7CBA626BDD7E22BD55BEA6E173A992AEA667AEAB24AF72B9CBF1AA9806C4C1E1A9C259A6D53D1E3D2D778CC4D58BBF55D9E9E1D9D0000C96280000000000000000000065D9FDD6A2F84C7F490C432ECFEEB517C263FA48713C1DA8F6A165A003E0D5A40001BB64D52F6D6635A534D7B139F2FC4C712B48D1B3E53767C7EB2E9AF6BD0CD2F93556B7F7892E6E9FE9F5BE4655557D75CF844263011A5AD7DE000BD3340000000000000000000000000000000000000000000000000000000000000001C7F6BEF064CC7F314FF00EC5221777B5F7832663F98A7FF0062910B7ECEFF0062BEDF254768FF00BD47679AF83217BC665D7E89DA3EA711BD9A26422A2E45E5D2A7F54ED1F5388DECAA5EFEE55DB2B5DBF623B0001E6EE00000000000000000000000000000000000014259C1DF6B1B7E91DCBEB3217DA50967077DAC6DFA4772FACC8593673FB973B215ADA3F62DF6CACAF92F7C1F6E1FA4353EAE226110F792F7C1F6E1FA4353EAE226111399F3CB9DA98CB79A5BEC800060B340000000000000000000000000000000000002A17948BC296F1E6BB77A942DE8A85E522F0A5BC79AEDDEA509CD9FE773D93E485CFB9A77C376E4A7EFD78AFF00459FF5BA72D10AB2E4AEB8D2D367BE21A09E446CB5985A7EC28BF8CACAAA7554F2E9AAF9114B4D3CF3D8FF00BC9EC877C8E75C153DB3E2E3DB607831E63F98E6FDA8522975DB69DD29AD5B2F660CB54ED1B3DAFB559C7F1E491AC6FCEA8528931B3B1FF6F5F6F9421F68BFBF47679CAFA7263BD160BF30507A861B91A6E4C77A2C17E60A0F50C3722A777FB9576CAD96FD88EC00079BB80000000000000000000000000000000297B6EDF0B0CC0F85527D4A036CD87F658CBEDA5A4C58CC7578C43409626D22D37DC9A8822DFECBD937B7FB2C326BED134D34E9E7353DBB7C2C3303E1549F5280921C933FCFE637F62DDFB662EF88BB5D9CAE2BB73A4C534F929386B545ECD2AA2E46B13555E6DF2E7C9519212D239966C7D8E696A57DAC9533D1CF1A7958DA762AF47E310AB6A0D94719ECCF7AA265D6B62BC582EFBE96FBAC0C56239EDF6D148C555563D11517A5151782AE8E44BAA222F29E25BD7673A75A948D6A53105276B6BED917725DED3D04365B9A626AC4536EE55CA899D1319965786A70F55CA29D26235DCACFCA1CCEBFE4F6625973070E54CB1D45AEA1AF96363B44A8815749227742A39BAA68BE25E82F76CB77A1C4166A0BF5AE649A8EE54B155D3C889A23E29188E63B8F5A2A29FCF897A3B33A56B7677CB36DC3F9E4C276AFF076AC7B9AF8F7774CBDA3B54E945DE9DF0C5D9CBB56B5DAE8DD2E94002ACB400000000000000000000000000000000000000000549F2856D092E6BE6ABF01582E292E17C1923E958913B58EA6BF9A69B5FC646E9D8DBD09BAE54F6CBACD9DBA368B8B2332AA6B4D92B11B8B315324A2B6B5ABDD53C4A9A4B52BD5BA8BA37F39C9D4A53BAAAAAAAAAEAAA59F20C0EB3EB55C7BA3CE7C959CFF001BC988C2D13C77CF94798002D2AA800000000000000000000000065D9FDD6A2F84C7F490C432ECFEEB517C263FA48713C1DA8F6A165A003E0D5A40001D9766AA2EC977BDDC777F98A68A1D7AB7DCABFF00F59DF8E31B34D3EEDAAF957A7F39510C7FE16B97F7CECE6FAD8CB5E8B24B3EFE54FF00FB4F9273071A5980005A5920000000000000000000000000000000000000000000000000000000000000000D4B36F05AE6365762DC071AB1B2DFACD59410B9EBA3592C9139B1B97C8F56AFA0A19B85056DAABAA2D972A6929AAE9257C13C32268E8E46AAA39AA9D0A8A8A87F426412DB2B604BA661620ACCD5C976537DD7AE5ECB75B2CB2244DA9934E3340E5EE51EBC379AE54455D55175E0B3D91E3E8C35555ABB3A455D3EF4167780AF1545372D46B34F475C39BECADCA214395B80E872DB362C972B951D99ADA7B65C68375F2C74A9CD0C8C72A6F6E2688D545F6A889D08A76BBEF2A4E44D0C48EB0E19C57749153556BE9E2A7445EAD55EEFD8574627C89CE7C1B2C91625CADC4F42913958E95D6C95D16BC7FF0011AD56AF32F32F41F3ACB95599D88E5EC360CBBC4B7176BA2F6B5AA79113CAA8DD139D39C99B995E02F5537A7A7AA7721EDE698FB34C5A88E1BB7C6F581E57F2925EF3533AB0A65FD165DDB6CB63BE57A51545454D5BEA2A7BA6BB7159BBB8C62EF6EEBAA3B86BCC4EF2A5367AD89F696933130CE31ABC18DC3D4368BA52D7CB3DDEA1B0AAC71C8D7B91B1B77A455544544EE74D578E85B595ECDED61AD5CA69C369A69BF49D560CA6EE26EDBAAAC4C4EBAEED634DC000894A80000000000000000000000000000000050967077DAC6DFA4772FACC85F694BF9A3B326D0374CCCC5D73B7651625A8A4ABBED7CF04D1D1395B246FA87B9AE45E94545452C3B3F728B75D7CB988DD1C55EDA0B75DCA28E444CEF9E0ED1B166D99945901953578331D5362092E135D66AD6AD051472C7D8DCC6226AAE91ABAEAD5E83BF7B27FB36FFF00018CFE4B87ED8AF3FE4ADB46FBCD629FF22E1FC95B68DF79AC53FE45C49DECBF2FBF726E575EF9FF00DD08DB39866162DC5BA28DD1FF00B65619EC9FECDBFF00C0633F92E1FB624B65C63EB1E68E07B3E6061A65532D97BA7ED9A64AA8D192A337953BA6A2AA22EA8BD2A52EFF00256DA37DE6B14FF91716DBB28E1EBDE14D9DB02E1DC496BA8B75CE86D89154D2D43376489FD91EBA393A1745421F34C16170D6E9AB0F56B333D7AA632BC662F1372AA7114E9111D5A3AC800834D80000000000000000000000000000000056772A965D55D0660618CD1A5A57768DDAD9F72AAA46B78254C2F7BDAAE5EB74722227F765989A9669E57E0FCE2C1171C038DEDA9576DB83138A7092091ABAB258DDCED7B578A2F9517545545CDCBF15EA7888BB3C3A7B1878FC2FAE58AAD471E8ED525649E6DDFB23F32AD199187A16544F6C91525A691CAD654C0F4DD922554E6D5AABC745D1745D174D0B17B172A4E4555DB9935FF0C62BB7566EA6FC10D34550C45D38E8FEC8DE1AF888C39CFC9C99D9802E3515780291B8D6C2ABBD0C948AD65646DE7DD92072F154E6D58AE45E7D1BAE8708A8C86CF0A595D04D93D8D51EDE0BBB61AA727C68C542D97ACE0333D2E4D5133EE9D27BD54B57B1F95EB6E29DDD9AC773BC6D87B7149B425929700E0CB1D559B0C4550DABAB7553DAB3D6CACD7B1A2A378358D555769AAEAEDD5FC54236600C1979CC3C6D64C1187E91F515F7AAE868E16353995EE44572AF435A9AB955782222AAF31D1B046C77B4863DAB8E9AD595978A28DEE447545D625A28A3F1B965D174F222A9631B26EC4986B6777A62FBFDCA3BF6349E9D6175546D54A5A26BBDBB20472239557995EE44554E646EAA874BB8CC265763D1D99899E888DFBFDEEF6B078BCD2FC5DBF1311D333BB7754248592D71592CB416581CAE8E82962A5639534D5AC623517E6334029333AEF95D38000000000000000000000000000000000000297B6EDF0B0CC0F85527D4A0374D85369DCB7D9CA5C5CFCC082F3225F1B4894DF73A959369D8964DEDEDE7B74F6E9A73F499BB63ECF99DB8CB695C6D8970B658DFEE96AADA8A5753D5D35239F1CA8DA485AAAD5E9D1CD54F2A1C67F92B6D1BEF358A7FC8B8BDD1EAF88C1D166ED51A4D34EBBE3A34516B8C4E1F195DEB544EBCAAB4DD3D3AA7FDDB952320E969964B461DC5D5D371D2392921853FC5D95DFB085BB56ED7D89F699AEB7D03ACF1D8B0D59DEF9692DED97B2492CAE4D16599FC115DBBC1111111BAAF3EBA9A97F256DA37DE6B14FF009171BB606D80B69AC695D153D46086E1DA572A764ABBCD4361646D5E9DC6EF48EF22354F2B185CBB0557A58AA358E9997ADEC4E658DA7D14D33A4F5468E4794796D7ACDCCC6B165ED8A17BEA2EF56D89EF6B75EC30A719245EA46B11CBC7A8BE0B45AA86C569A2B25B29DB051DBE9E3A5A789BCD1C51B51AD6A78911110E27B2F6C9182766AB5545451D42DEB13DC636C75B779A246AA3138F6285BC7723D78AF1D5CA89AF322277820337CC29C6DC88B7ECD3F54FE51809C0DA99AFDAAB8FBBDC000884B00000000000000000000000000000000000007CCC4B88ECD8430FDC714621AE8A8AD96AA692AEAA791746C71B1AAAE5F8939BA5781F4CADAE528DA5E2BEDC5B90183AB95F456E9595188678DDDCCB509C63A6E1CE8CE0E7746F2B539DAA65E07095636F45AA7874FBA1898DC5D383B3376AEEF7CA2BED1B9DD7ACFECD4BAE3BB9B9F1D1B9FDAD6AA455E14B46C5D2367F697DB397A5CE5E8D11398806C2B76E9B54451446910D7B72E557AB9B95CEB32000EEE800000000000000000000000019767F75A8BE131FD24310CBB3FBAD45F098FE921C4F076A3DA8596800F83569000048ED9D20EC7836AE6D3F9DAE7FCCD6A1D54E7790D0761CBBA67E9A766A89A4F2F75A7FB1D10FA2366EDFA3CA30F4FF00ED89F9EF4FE1E34B54F600026DEC00000000000000000000000000000000000000000000000000000000000000000000000000000000000000000000000000000000000000000000000000000000000000000000000000000000000000000000000000000000000000000000000000000000000000000000000000000000000000000000000000000000000000000000006B598F9858672B305DD71DE2EAF6525B2D502CB239CED1D23B99B1B13A5EE768D44EB539A699AA629A78CB8AA6298D678391ED97B4A50ECF79692ADAEB235C5F7E63E9ACB0705744BA68FA9727E4B354D35E772B53ACA6CAEAEACB9D6D45CAE3552D4D5554AE9E79A572B9F2C8E555739CABC5555555554DEF3DF3A313E7CE63DCB1FE257AC6950EEC54346D72AC7474ADE0C89BE8E2E5E972B97A4E7A5F72CC04606CE93ED4F1FB772879A63E71D77F2FB31C3EFDE00092460000000000000000000000000000065D9FDD6A2F84C7F490C432ECFEEB517C263FA48713C1DA8F6A165A003E0D5A400012C727A9FB5B2DEC8CD3457C4F917873EF48E5FD8A86E46BD97B4FDAD816C1169A7FD9D4EF54D34E2E62397F69B09F4A6576FD1606CDBEAA298FA42C56A34A223DC000CF77000000000000000000000000000000000000000000000000000000000000000000000000000000000000000000000000000000000000000000000000000000000000000000000000000000000000000000000000000000000000000000000000000000000000000000000000000000000000000000000000000000000000000000007E269A1A6864A8A89591451355EF91EE46B5AD44D55555782222749513B726D572E7D632FF0084F09D52A608C3D32A522B557FED0A84454754BBF378AB589F93AAFE3689D97942F6BD65576EE40E5B5C9AE8917B1E24B84127072F4D1B1539D3FA45FD5FCA2BE0B664996FA388C4DD8DF3C23CD54CEF32E5CCE1AD4EEE99F2FB8002C8AD00000000000000000000000000000000065D9FDD6A2F84C7F490C432ECFEEB517C263FA48713C1DA8F6A165A003E0D5A400F2C6EFBDAC45F6CA8873C44D0C370F6BE1DB553E9A762A2819F146887D23D346D465240C6A2223636A222790F71F4F59A7916E9A7AA216488D2340007A3900000000000000000000000000000000000000000000000000000000000000000000000000000000000000000000000000000000000000000000000000000000000000000000000000000000000000000000000000000000000000000000000000000000000000000000000000000000000000000000000000000000000000000871B766D8D0E52DA6A32AB2E6E11498CAE516E5754C6FD56D14EF6F3F0E69DC8A9BA8BED5ABBDCEAD368DB336C3B4E40581F85308D552D763CB9C2BD8205EEDB6D89C9A76C4A89C37BF218BCEA9AAA6EA71A8EBBDDEE77FBA55DEEF55F3D6D7D74CE9EA6A267ABA496472EAE739579D554B0E4F957A798C45E8FCBD11D7FC78ABF9C669E8226C599FCDD33D5FCB1A47BE57BA595EE7BDEAAE739CBAAAAAF3AAA9F900B7A9E00000000000000000000000000000000000019767F75A8BE131FD24310CBB3FBAD45F098FE921C4F076A3DA8596800F835690C8B7B37EE14CCFCA9989FEA431CCEB0B3B25F2DF1EEEBBD551269D7DDA1E9663957298F7C39A78A69449A44C4EA6A7EC3F67844444D10F27D3F1B964000000000000000000000000000000000000000000000000000000000000000000000000000000000000000000000000000000000000000000000000000000000000000000000000000000000000000000000000000000000000000000000000000000000000000000000000000000000000000000000000000000000000000008C9B62ED8B65D9EECAEC31861F05C71DDC22D69E9D747476F8DC9C27993AFF00259F8DCEBC39FE66D8BB6CD8B23ADD5381B0154D2DD31DD544AD5445DF86D2D7270925D383A4D3556C7AF3E8AEE1A23AA8B10E20BDE2BBDD6E24C4773A8B8DCEE333AA2AAAAA1EAF9259179D5557FF00689C09FCAB289C44C5EBF1F97A23AFF8F140E6B9B461E26CD89FCFD33D5FCBCE21C437CC597BADC49896EB5372B9DC667545555543D5F24B239755555FF6E64E643E7005C2222234853A666A9D64001CB80000000000000000000000000000000000000CBB3FBAD45F098FE9218865D9FDD6A2F84C7F490E2783B51ED42CB4007C1AB487D4C2CC593135A98DD35756C29C7FB687CB3EBE10FF00F1559FE1D07D34323091AE2288F7C78BB51ED4266000FA6D630000000000000000000000000000000000000000000000000000000000000000000000000000000000000000000000000000000000000000000000000000000000000000000000000000000000000000000000000000000000000000000000000000000000000000000000000000000000000000000000000000000000316E972A2B35B2AEF1729BB0D250C1254D449BAAEDC8D8D5739DA222AAE888ABA222A8E2325CE6B5AAE72A22226AAABCC88415DB0F6FFA1C26CAECB2C8EB945597A731D057DFE1723A2A155E0AC81799F2A7E5A706AF36ABCDC736B5DBFB10667BAB32FF0028A5ACB1E14735D4F575CABD8EAEE68BC1C9D7144BCDBBAEF3939F445DD219169CB324D34BD8A8EC8FBFDBE6ABE679DF1B3859ED9FB7DFE4F756D6D65CAAE6B85C2AA6A9AAA87BA59A699EAF7C8F55D55CE72F15555E953D2016755F880000000000000000000000000000000000000000000065D9FDD6A2F84C7F490C432ECFEEB517C263FA48713C1DA8F6A1FFD9,'',NULL,'',NULL,0);
COMMIT;
/*!40000 ALTER TABLE `empresa` ENABLE KEYS */;


--
-- Definition of table `financiacion`
--

DROP TABLE IF EXISTS `financiacion`;
CREATE TABLE `financiacion` (
  `IdCuenta` varchar(15) NOT NULL DEFAULT '',
  `IdAdjudicacion` varchar(12) NOT NULL DEFAULT '0',
  `Concepto` varchar(2) NOT NULL DEFAULT '',
  `NumCuota` int(12) NOT NULL DEFAULT '0',
  `Fecha` date DEFAULT NULL,
  `Capital` decimal(18,2) NOT NULL DEFAULT '0.00',
  `Interes` decimal(18,2) NOT NULL DEFAULT '0.00',
  `Cuota` decimal(18,2) NOT NULL DEFAULT '0.00',
  `SaldoCapital` decimal(18,2) NOT NULL DEFAULT '0.00',
  `SaldoInteres` decimal(18,2) DEFAULT '0.00',
  `SaldoCuota` decimal(18,2) NOT NULL DEFAULT '0.00',
  `UltimaFechaPago` date DEFAULT NULL,
  `Usuario` varchar(12) NOT NULL DEFAULT '',
  `FechaOperacion` date DEFAULT NULL,
  `IdFinanciacion` int(11) NOT NULL AUTO_INCREMENT,
  PRIMARY KEY (`IdFinanciacion`),
  UNIQUE KEY `IdCta` (`IdCuenta`),
  KEY `IdAdjudica` (`IdAdjudicacion`),
  CONSTRAINT `financiacion_ibfk_1` FOREIGN KEY (`IdAdjudicacion`) REFERENCES `adjudicacion` (`IdAdjudicacion`) ON UPDATE CASCADE
) ENGINE=InnoDB AUTO_INCREMENT=128 DEFAULT CHARSET=latin1;

--
-- Dumping data for table `financiacion`
--

/*!40000 ALTER TABLE `financiacion` DISABLE KEYS */;
SET AUTOCOMMIT=0;
INSERT INTO `financiacion` (`IdCuenta`,`IdAdjudicacion`,`Concepto`,`NumCuota`,`Fecha`,`Capital`,`Interes`,`Cuota`,`SaldoCapital`,`SaldoInteres`,`SaldoCuota`,`UltimaFechaPago`,`Usuario`,`FechaOperacion`,`IdFinanciacion`) VALUES 
 ('GA1ADJ2','2','GA',1,'2019-08-06','599000.00','0.00','599000.00','299000.00','0.00','299000.00','2019-08-06','eburgos','2019-08-06',3),
 ('FN1ADJ2','2','FN',1,'2019-08-31','900000.00','0.00','900000.00','900000.00','0.00','900000.00','2019-08-31','eburgos','2019-08-06',4),
 ('GA1ADJ1','1','GA',1,'2019-08-01','690580.00','0.00','690580.00','0.00','0.00','0.00','2019-08-01','eburgos','2019-08-06',5),
 ('CO1ADJ1','1','CO',1,'2019-08-01','1076020.00','0.00','1076020.00','0.00','0.00','0.00','2019-08-01','eburgos','2019-08-06',6),
 ('GA1ADJ3','3','GA',1,'2019-08-06','599000.00','0.00','599000.00','99000.00','0.00','99000.00','2019-08-06','eburgos','2019-08-06',7),
 ('FN1ADJ3','3','FN',1,'2019-08-30','178200.00','0.00','178200.00','178200.00','0.00','178200.00','2019-08-30','eburgos','2019-08-06',8),
 ('FN2ADJ3','3','FN',2,'2019-09-30','178200.00','0.00','178200.00','178200.00','0.00','178200.00','2019-09-30','eburgos','2019-08-06',9),
 ('FN3ADJ3','3','FN',3,'2019-10-30','178200.00','0.00','178200.00','178200.00','0.00','178200.00','2019-10-30','eburgos','2019-08-06',10),
 ('FN4ADJ3','3','FN',4,'2019-11-30','178200.00','0.00','178200.00','178200.00','0.00','178200.00','2019-11-30','eburgos','2019-08-06',11),
 ('FN5ADJ3','3','FN',5,'2019-12-30','178200.00','0.00','178200.00','178200.00','0.00','178200.00','2019-12-30','eburgos','2019-08-06',12),
 ('GA1ADJ4','4','GA',1,'2019-08-06','599000.00','0.00','599000.00','599000.00','0.00','599000.00','2019-08-06','eburgos','2019-08-06',13),
 ('FN1ADJ4','4','FN',1,'2019-08-16','222750.00','0.00','222750.00','222750.00','0.00','222750.00','2019-08-16','eburgos','2019-08-06',14),
 ('FN2ADJ4','4','FN',2,'2019-09-16','222750.00','0.00','222750.00','222750.00','0.00','222750.00','2019-09-16','eburgos','2019-08-06',15),
 ('FN3ADJ4','4','FN',3,'2019-10-16','222750.00','0.00','222750.00','222750.00','0.00','222750.00','2019-10-16','eburgos','2019-08-06',16),
 ('FN4ADJ4','4','FN',4,'2019-11-16','222750.00','0.00','222750.00','222750.00','0.00','222750.00','2019-11-16','eburgos','2019-08-06',17),
 ('GA1ADJ5','5','GA',1,'2019-08-06','599000.00','0.00','599000.00','0.00','0.00','0.00','2019-08-06','eburgos','2019-08-06',18),
 ('CO1ADJ5','5','CO',1,'2019-08-06','891000.00','0.00','891000.00','0.00','0.00','0.00','2019-08-06','eburgos','2019-08-06',19),
 ('GA1ADJ6','6','GA',1,'2019-08-06','599000.00','0.00','599000.00','0.00','0.00','0.00','2019-08-06','eburgos','2019-08-06',20),
 ('CO1ADJ6','6','CO',1,'2019-08-06','6251000.00','0.00','6251000.00','0.00','0.00','0.00','2019-08-06','eburgos','2019-08-06',21),
 ('GA1ADJ7','7','GA',1,'2019-07-28','691694.00','0.00','691694.00','0.00','0.00','0.00','2019-08-06','eburgos','2019-08-06',22),
 ('FN1ADJ7','7','FN',1,'2019-07-29','538534.00','0.00','538534.00','0.00','0.00','0.00','2019-07-29','eburgos','2019-08-06',23),
 ('FN2ADJ7','7','FN',2,'2019-08-29','538533.00','0.00','538533.00','0.00','0.00','0.00','2019-08-29','eburgos','2019-08-06',24),
 ('GA1ADJ8','8','GA',1,'2019-08-06','599000.00','0.00','599000.00','599000.00','0.00','599000.00','2019-08-06','eburgos','2019-08-06',25),
 ('FN1ADJ8','8','FN',1,'2019-08-05','178200.00','0.00','178200.00','178200.00','0.00','178200.00','2019-08-05','eburgos','2019-08-06',26),
 ('FN2ADJ8','8','FN',2,'2019-09-05','178200.00','0.00','178200.00','178200.00','0.00','178200.00','2019-09-05','eburgos','2019-08-06',27),
 ('FN3ADJ8','8','FN',3,'2019-10-05','178200.00','0.00','178200.00','178200.00','0.00','178200.00','2019-10-05','eburgos','2019-08-06',28),
 ('FN4ADJ8','8','FN',4,'2019-11-05','178200.00','0.00','178200.00','178200.00','0.00','178200.00','2019-11-05','eburgos','2019-08-06',29),
 ('FN5ADJ8','8','FN',5,'2019-12-05','178200.00','0.00','178200.00','178200.00','0.00','178200.00','2019-12-05','eburgos','2019-08-06',30),
 ('GA1ADJ9','9','GA',1,'2019-08-06','599000.00','0.00','599000.00','0.00','0.00','0.00','2019-08-06','eburgos','2019-08-06',31),
 ('FN1ADJ9','9','FN',1,'2019-08-16','445500.00','0.00','445500.00','44500.00','0.00','44500.00','2019-08-16','eburgos','2019-08-06',32),
 ('FN2ADJ9','9','FN',2,'2019-09-16','445500.00','0.00','445500.00','445500.00','0.00','445500.00','2019-09-16','eburgos','2019-08-06',33),
 ('GA1ADJ10','10','GA',1,'2019-08-09','691655.00','0.00','691655.00','11655.00','0.00','11655.00','2019-08-09','eburgos','2019-08-09',34),
 ('FN1ADJ10','10','FN',1,'2019-08-06','538848.00','0.00','538848.00','538848.00','0.00','538848.00','2019-08-06','eburgos','2019-08-09',35),
 ('FN2ADJ10','10','FN',2,'2019-09-06','538847.00','0.00','538847.00','538847.00','0.00','538847.00','2019-09-06','eburgos','2019-08-09',36),
 ('GA1ADJ11','11','GA',1,'2019-08-09','599000.00','0.00','599000.00','599000.00','0.00','599000.00','2019-08-09','eburgos','2019-08-09',37),
 ('FN1ADJ11','11','FN',1,'2019-08-24','178200.00','0.00','178200.00','178200.00','0.00','178200.00','2019-08-24','eburgos','2019-08-09',38),
 ('FN2ADJ11','11','FN',2,'2019-09-24','178200.00','0.00','178200.00','178200.00','0.00','178200.00','2019-09-24','eburgos','2019-08-09',39),
 ('FN3ADJ11','11','FN',3,'2019-10-24','178200.00','0.00','178200.00','178200.00','0.00','178200.00','2019-10-24','eburgos','2019-08-09',40),
 ('FN4ADJ11','11','FN',4,'2019-11-24','178200.00','0.00','178200.00','178200.00','0.00','178200.00','2019-11-24','eburgos','2019-08-09',41),
 ('FN5ADJ11','11','FN',5,'2019-12-24','178200.00','0.00','178200.00','178200.00','0.00','178200.00','2019-12-24','eburgos','2019-08-09',42),
 ('GA1ADJ12','12','GA',1,'2019-08-09','599999.00','0.00','599999.00','99999.00','0.00','99999.00','2019-08-09','eburgos','2019-08-09',43),
 ('FN1ADJ12','12','FN',1,'2019-08-28','222750.00','0.00','222750.00','222750.00','0.00','222750.00','2019-08-28','eburgos','2019-08-09',44),
 ('FN2ADJ12','12','FN',2,'2019-09-28','222750.00','0.00','222750.00','222750.00','0.00','222750.00','2019-09-28','eburgos','2019-08-09',45),
 ('FN3ADJ12','12','FN',3,'2019-10-28','222750.00','0.00','222750.00','222750.00','0.00','222750.00','2019-10-28','eburgos','2019-08-09',46),
 ('FN4ADJ12','12','FN',4,'2019-11-28','222750.00','0.00','222750.00','222750.00','0.00','222750.00','2019-11-28','eburgos','2019-08-09',47),
 ('GA1ADJ13','13','GA',1,'2019-08-09','599000.00','0.00','599000.00','0.00','0.00','0.00','2019-08-09','eburgos','2019-08-09',48),
 ('FN1ADJ13','13','FN',1,'2019-08-15','220875.00','0.00','220875.00','0.00','0.00','0.00','2019-08-15','eburgos','2019-08-09',49),
 ('FN2ADJ13','13','FN',2,'2019-09-15','220875.00','0.00','220875.00','0.00','0.00','0.00','2019-09-15','eburgos','2019-08-09',50),
 ('FN3ADJ13','13','FN',3,'2019-10-15','220875.00','0.00','220875.00','0.00','0.00','0.00','2019-10-15','eburgos','2019-08-09',51),
 ('FN4ADJ13','13','FN',4,'2019-11-15','220875.00','0.00','220875.00','0.00','0.00','0.00','2019-11-15','eburgos','2019-08-09',52),
 ('FN5ADJ13','13','FN',5,'2019-12-15','220875.00','0.00','220875.00','0.00','0.00','0.00','2019-12-15','eburgos','2019-08-09',53),
 ('FN6ADJ13','13','FN',6,'2020-01-15','220875.00','0.00','220875.00','154250.00','0.00','154250.00','2020-01-15','eburgos','2019-08-09',54),
 ('FN7ADJ13','13','FN',7,'2020-02-15','220875.00','0.00','220875.00','220875.00','0.00','220875.00','2020-02-15','eburgos','2019-08-09',55),
 ('FN8ADJ13','13','FN',8,'2020-03-15','220875.00','0.00','220875.00','220875.00','0.00','220875.00','2020-03-15','eburgos','2019-08-09',56),
 ('FN9ADJ13','13','FN',9,'2020-04-15','220875.00','0.00','220875.00','220875.00','0.00','220875.00','2020-04-15','eburgos','2019-08-09',57),
 ('FN10ADJ13','13','FN',10,'2020-05-15','220875.00','0.00','220875.00','220875.00','0.00','220875.00','2020-05-15','eburgos','2019-08-09',58),
 ('FN11ADJ13','13','FN',11,'2020-06-15','220875.00','0.00','220875.00','220875.00','0.00','220875.00','2020-06-15','eburgos','2019-08-09',59),
 ('FN12ADJ13','13','FN',12,'2020-07-15','220875.00','0.00','220875.00','220875.00','0.00','220875.00','2020-07-15','eburgos','2019-08-09',60),
 ('FN13ADJ13','13','FN',13,'2020-08-15','220875.00','0.00','220875.00','220875.00','0.00','220875.00','2020-08-15','eburgos','2019-08-09',61),
 ('FN14ADJ13','13','FN',14,'2020-09-15','220875.00','0.00','220875.00','220875.00','0.00','220875.00','2020-09-15','eburgos','2019-08-09',62),
 ('FN15ADJ13','13','FN',15,'2020-10-15','220875.00','0.00','220875.00','220875.00','0.00','220875.00','2020-10-15','eburgos','2019-08-09',63),
 ('FN16ADJ13','13','FN',16,'2020-11-15','220875.00','0.00','220875.00','220875.00','0.00','220875.00','2020-11-15','eburgos','2019-08-09',64),
 ('FN17ADJ13','13','FN',17,'2020-12-15','220875.00','0.00','220875.00','220875.00','0.00','220875.00','2020-12-15','eburgos','2019-08-09',65),
 ('FN18ADJ13','13','FN',18,'2021-01-15','220875.00','0.00','220875.00','220875.00','0.00','220875.00','2021-01-15','eburgos','2019-08-09',66),
 ('FN19ADJ13','13','FN',19,'2021-02-15','220875.00','0.00','220875.00','220875.00','0.00','220875.00','2021-02-15','eburgos','2019-08-09',67),
 ('FN20ADJ13','13','FN',20,'2021-03-15','220875.00','0.00','220875.00','220875.00','0.00','220875.00','2021-03-15','eburgos','2019-08-09',68),
 ('FN21ADJ13','13','FN',21,'2021-04-15','220875.00','0.00','220875.00','220875.00','0.00','220875.00','2021-04-15','eburgos','2019-08-09',69),
 ('FN22ADJ13','13','FN',22,'2021-05-15','220875.00','0.00','220875.00','220875.00','0.00','220875.00','2021-05-15','eburgos','2019-08-09',70),
 ('FN23ADJ13','13','FN',23,'2021-06-15','220875.00','0.00','220875.00','220875.00','0.00','220875.00','2021-06-15','eburgos','2019-08-09',71),
 ('FN24ADJ13','13','FN',24,'2021-07-15','220875.00','0.00','220875.00','220875.00','0.00','220875.00','2021-07-15','eburgos','2019-08-09',72),
 ('GA1ADJ14','14','GA',1,'2019-08-09','599000.00','0.00','599000.00','0.00','0.00','0.00','2019-08-09','eburgos','2019-08-09',73),
 ('FN1ADJ14','14','FN',1,'2019-07-16','297000.00','0.00','297000.00','0.00','0.00','0.00','2019-07-16','eburgos','2019-08-09',74),
 ('FN2ADJ14','14','FN',2,'2019-08-16','297000.00','0.00','297000.00','193000.00','0.00','193000.00','2019-08-16','eburgos','2019-08-09',75),
 ('FN3ADJ14','14','FN',3,'2019-09-16','297000.00','0.00','297000.00','297000.00','0.00','297000.00','2019-09-16','eburgos','2019-08-09',76),
 ('GA1ADJ15','15','GA',1,'2019-08-09','599000.00','0.00','599000.00','399000.00','0.00','399000.00','2019-08-09','eburgos','2019-08-09',77),
 ('FN1ADJ15','15','FN',1,'2019-08-18','445500.00','0.00','445500.00','445500.00','0.00','445500.00','2019-08-18','eburgos','2019-08-09',78),
 ('FN2ADJ15','15','FN',2,'2019-09-18','445500.00','0.00','445500.00','445500.00','0.00','445500.00','2019-09-18','eburgos','2019-08-09',79),
 ('GA1ADJ16','16','GA',1,'2019-08-09','599000.00','0.00','599000.00','99000.00','0.00','99000.00','2019-08-09','eburgos','2019-08-09',80),
 ('FN1ADJ16','16','FN',1,'2019-08-20','387542.00','0.00','387542.00','387542.00','0.00','387542.00','2019-08-20','eburgos','2019-08-09',81),
 ('FN2ADJ16','16','FN',2,'2019-09-20','387542.00','0.00','387542.00','387542.00','0.00','387542.00','2019-09-20','eburgos','2019-08-09',82),
 ('FN3ADJ16','16','FN',3,'2019-10-20','387542.00','0.00','387542.00','387542.00','0.00','387542.00','2019-10-20','eburgos','2019-08-09',83),
 ('FN4ADJ16','16','FN',4,'2019-11-20','387542.00','0.00','387542.00','387542.00','0.00','387542.00','2019-11-20','eburgos','2019-08-09',84),
 ('FN5ADJ16','16','FN',5,'2019-12-20','387542.00','0.00','387542.00','387542.00','0.00','387542.00','2019-12-20','eburgos','2019-08-09',85),
 ('FN6ADJ16','16','FN',6,'2020-01-20','387542.00','0.00','387542.00','387542.00','0.00','387542.00','2020-01-20','eburgos','2019-08-09',86),
 ('FN7ADJ16','16','FN',7,'2020-02-20','387542.00','0.00','387542.00','387542.00','0.00','387542.00','2020-02-20','eburgos','2019-08-09',87),
 ('FN8ADJ16','16','FN',8,'2020-03-20','387542.00','0.00','387542.00','387542.00','0.00','387542.00','2020-03-20','eburgos','2019-08-09',88),
 ('FN9ADJ16','16','FN',9,'2020-04-20','387542.00','0.00','387542.00','387542.00','0.00','387542.00','2020-04-20','eburgos','2019-08-09',89),
 ('FN10ADJ16','16','FN',10,'2020-05-20','387542.00','0.00','387542.00','387542.00','0.00','387542.00','2020-05-20','eburgos','2019-08-09',90),
 ('FN11ADJ16','16','FN',11,'2020-06-20','387542.00','0.00','387542.00','387542.00','0.00','387542.00','2020-06-20','eburgos','2019-08-09',91),
 ('FN12ADJ16','16','FN',12,'2020-07-20','387542.00','0.00','387542.00','387542.00','0.00','387542.00','2020-07-20','eburgos','2019-08-09',92),
 ('FN13ADJ16','16','FN',13,'2020-08-20','387542.00','0.00','387542.00','387542.00','0.00','387542.00','2020-08-20','eburgos','2019-08-09',93),
 ('FN14ADJ16','16','FN',14,'2020-09-20','387542.00','0.00','387542.00','387542.00','0.00','387542.00','2020-09-20','eburgos','2019-08-09',94),
 ('FN15ADJ16','16','FN',15,'2020-10-20','387542.00','0.00','387542.00','387542.00','0.00','387542.00','2020-10-20','eburgos','2019-08-09',95),
 ('FN16ADJ16','16','FN',16,'2020-11-20','387542.00','0.00','387542.00','387542.00','0.00','387542.00','2020-11-20','eburgos','2019-08-09',96),
 ('FN17ADJ16','16','FN',17,'2020-12-20','387542.00','0.00','387542.00','387542.00','0.00','387542.00','2020-12-20','eburgos','2019-08-09',97),
 ('FN18ADJ16','16','FN',18,'2021-01-20','387542.00','0.00','387542.00','387542.00','0.00','387542.00','2021-01-20','eburgos','2019-08-09',98),
 ('FN19ADJ16','16','FN',19,'2021-02-20','387542.00','0.00','387542.00','387542.00','0.00','387542.00','2021-02-20','eburgos','2019-08-09',99),
 ('FN20ADJ16','16','FN',20,'2021-03-20','387542.00','0.00','387542.00','387542.00','0.00','387542.00','2021-03-20','eburgos','2019-08-09',100),
 ('FN21ADJ16','16','FN',21,'2021-04-20','387542.00','0.00','387542.00','387542.00','0.00','387542.00','2021-04-20','eburgos','2019-08-09',101),
 ('FN22ADJ16','16','FN',22,'2021-05-20','387542.00','0.00','387542.00','387542.00','0.00','387542.00','2021-05-20','eburgos','2019-08-09',102),
 ('FN23ADJ16','16','FN',23,'2021-06-20','387542.00','0.00','387542.00','387542.00','0.00','387542.00','2021-06-20','eburgos','2019-08-09',103),
 ('FN24ADJ16','16','FN',24,'2021-07-20','387534.00','0.00','387534.00','387534.00','0.00','387534.00','2021-07-20','eburgos','2019-08-09',104),
 ('GA1ADJ17','17','GA',1,'2019-08-09','599000.00','0.00','599000.00','599000.00','0.00','599000.00','2019-08-09','eburgos','2019-08-09',105),
 ('FN1ADJ17','17','FN',1,'2019-09-07','222750.00','0.00','222750.00','222750.00','0.00','222750.00','2019-09-07','eburgos','2019-08-09',106),
 ('FN2ADJ17','17','FN',2,'2019-10-07','222750.00','0.00','222750.00','222750.00','0.00','222750.00','2019-10-07','eburgos','2019-08-09',107),
 ('FN3ADJ17','17','FN',3,'2019-11-07','222750.00','0.00','222750.00','222750.00','0.00','222750.00','2019-11-07','eburgos','2019-08-09',108),
 ('FN4ADJ17','17','FN',4,'2019-12-07','222750.00','0.00','222750.00','222750.00','0.00','222750.00','2019-12-07','eburgos','2019-08-09',109),
 ('GA1ADJ18','18','GA',1,'2019-08-09','599000.00','0.00','599000.00','599000.00','0.00','599000.00','2019-08-09','eburgos','2019-08-09',110),
 ('FN1ADJ18','18','FN',1,'2019-08-28','178200.00','0.00','178200.00','178200.00','0.00','178200.00','2019-08-28','eburgos','2019-08-09',111),
 ('FN2ADJ18','18','FN',2,'2019-09-28','178200.00','0.00','178200.00','178200.00','0.00','178200.00','2019-09-28','eburgos','2019-08-09',112),
 ('FN3ADJ18','18','FN',3,'2019-10-28','178200.00','0.00','178200.00','178200.00','0.00','178200.00','2019-10-28','eburgos','2019-08-09',113),
 ('FN4ADJ18','18','FN',4,'2019-11-28','178200.00','0.00','178200.00','178200.00','0.00','178200.00','2019-11-28','eburgos','2019-08-09',114),
 ('FN5ADJ18','18','FN',5,'2019-12-28','178200.00','0.00','178200.00','178200.00','0.00','178200.00','2019-12-28','eburgos','2019-08-09',115),
 ('GA1ADJ19','19','GA',1,'2019-08-10','599000.00','0.00','599000.00','599000.00','0.00','599000.00','2019-08-10','eburgos','2019-08-10',116),
 ('FN1ADJ19','19','FN',1,'2019-08-16','178200.00','0.00','178200.00','178200.00','0.00','178200.00','2019-08-16','eburgos','2019-08-10',117),
 ('FN2ADJ19','19','FN',2,'2019-09-16','178200.00','0.00','178200.00','178200.00','0.00','178200.00','2019-09-16','eburgos','2019-08-10',118),
 ('FN3ADJ19','19','FN',3,'2019-10-16','178200.00','0.00','178200.00','178200.00','0.00','178200.00','2019-10-16','eburgos','2019-08-10',119),
 ('FN4ADJ19','19','FN',4,'2019-11-16','178200.00','0.00','178200.00','178200.00','0.00','178200.00','2019-11-16','eburgos','2019-08-10',120),
 ('FN5ADJ19','19','FN',5,'2019-12-16','178200.00','0.00','178200.00','178200.00','0.00','178200.00','2019-12-16','eburgos','2019-08-10',121),
 ('GA1ADJ20','20','GA',1,'2019-08-10','599000.00','0.00','599000.00','0.00','0.00','0.00','2019-08-10','eburgos','2019-08-10',122),
 ('FN1ADJ20','20','FN',1,'2019-08-16','1060200.00','0.00','1060200.00','0.00','0.00','0.00','2019-08-16','eburgos','2019-08-10',123),
 ('FN2ADJ20','20','FN',2,'2019-09-16','1060200.00','0.00','1060200.00','0.00','0.00','0.00','2019-09-16','eburgos','2019-08-10',124),
 ('FN3ADJ20','20','FN',3,'2019-10-16','1060200.00','0.00','1060200.00','829600.00','0.00','829600.00','2019-10-16','eburgos','2019-08-10',125),
 ('FN4ADJ20','20','FN',4,'2019-11-16','1060200.00','0.00','1060200.00','1060200.00','0.00','1060200.00','2019-11-16','eburgos','2019-08-10',126),
 ('FN5ADJ20','20','FN',5,'2019-12-16','1060200.00','0.00','1060200.00','1060200.00','0.00','1060200.00','2019-12-16','eburgos','2019-08-10',127);
COMMIT;
/*!40000 ALTER TABLE `financiacion` ENABLE KEYS */;


--
-- Definition of table `formapago`
--

DROP TABLE IF EXISTS `formapago`;
CREATE TABLE `formapago` (
  `Id` int(11) NOT NULL AUTO_INCREMENT,
  `FormaPago` varchar(40) DEFAULT NULL,
  PRIMARY KEY (`Id`)
) ENGINE=InnoDB AUTO_INCREMENT=3 DEFAULT CHARSET=latin1;

--
-- Dumping data for table `formapago`
--

/*!40000 ALTER TABLE `formapago` DISABLE KEYS */;
SET AUTOCOMMIT=0;
INSERT INTO `formapago` (`Id`,`FormaPago`) VALUES 
 (1,'Contado'),
 (2,'Financiado');
COMMIT;
/*!40000 ALTER TABLE `formapago` ENABLE KEYS */;


--
-- Definition of table `fuentes_contables`
--

DROP TABLE IF EXISTS `fuentes_contables`;
CREATE TABLE `fuentes_contables` (
  `Id` int(11) NOT NULL AUTO_INCREMENT,
  `Fuente` varchar(6) NOT NULL DEFAULT '',
  `Nombre` varchar(255) DEFAULT NULL,
  PRIMARY KEY (`Id`),
  KEY `Fuente` (`Fuente`),
  CONSTRAINT `fuentes_contables_ibfk_1` FOREIGN KEY (`Fuente`) REFERENCES `conta_doralcial`.`documentomanual` (`idComprobante`) ON UPDATE CASCADE
) ENGINE=InnoDB AUTO_INCREMENT=2 DEFAULT CHARSET=latin1;

--
-- Dumping data for table `fuentes_contables`
--

/*!40000 ALTER TABLE `fuentes_contables` DISABLE KEYS */;
SET AUTOCOMMIT=0;
INSERT INTO `fuentes_contables` (`Id`,`Fuente`,`Nombre`) VALUES 
 (1,'RC','RECIBO CAJA STTEY');
COMMIT;
/*!40000 ALTER TABLE `fuentes_contables` ENABLE KEYS */;


--
-- Definition of table `operacion`
--

DROP TABLE IF EXISTS `operacion`;
CREATE TABLE `operacion` (
  `Id` int(11) NOT NULL AUTO_INCREMENT,
  `Operacion` varchar(255) DEFAULT NULL,
  `Siglas` varchar(2) DEFAULT NULL,
  PRIMARY KEY (`Id`)
) ENGINE=InnoDB AUTO_INCREMENT=7 DEFAULT CHARSET=latin1;

--
-- Dumping data for table `operacion`
--

/*!40000 ALTER TABLE `operacion` DISABLE KEYS */;
SET AUTOCOMMIT=0;
INSERT INTO `operacion` (`Id`,`Operacion`,`Siglas`) VALUES 
 (1,'Cuota Inicial','CI'),
 (2,'Gastos Legales','GA'),
 (3,'Financiacion','FN'),
 (4,'Contado','CO'),
 (5,'Cuotoa Extra','CE'),
 (6,'Multiple','MU');
COMMIT;
/*!40000 ALTER TABLE `operacion` ENABLE KEYS */;


--
-- Definition of table `pagocomision`
--

DROP TABLE IF EXISTS `pagocomision`;
CREATE TABLE `pagocomision` (
  `Id` varchar(11) NOT NULL DEFAULT '',
  `Fecha` date DEFAULT NULL,
  `IdAdjudicacion` varchar(12) DEFAULT '',
  `IdGestor` varchar(17) DEFAULT '',
  `IdCargo` varchar(12) DEFAULT '',
  `TasaComision` decimal(6,3) DEFAULT '0.000',
  `Comision` decimal(12,2) DEFAULT NULL,
  `ReteFuente` decimal(10,2) DEFAULT '0.00',
  `DctoAnticipo` decimal(10,2) DEFAULT '0.00',
  `PagoNeto` decimal(10,2) DEFAULT NULL,
  `Transaccion` int(11) DEFAULT '0',
  KEY `IdAdjudicacion` (`IdAdjudicacion`),
  CONSTRAINT `pagocomision_ibfk_1` FOREIGN KEY (`IdAdjudicacion`) REFERENCES `adjudicacion` (`IdAdjudicacion`)
) ENGINE=InnoDB DEFAULT CHARSET=latin1;

--
-- Dumping data for table `pagocomision`
--

/*!40000 ALTER TABLE `pagocomision` DISABLE KEYS */;
SET AUTOCOMMIT=0;
COMMIT;
/*!40000 ALTER TABLE `pagocomision` ENABLE KEYS */;


--
-- Definition of table `plazos`
--

DROP TABLE IF EXISTS `plazos`;
CREATE TABLE `plazos` (
  `IdPlazo` int(11) NOT NULL AUTO_INCREMENT,
  `Plazo` int(11) NOT NULL DEFAULT '0',
  `Tasa` decimal(18,2) NOT NULL DEFAULT '0.00',
  PRIMARY KEY (`IdPlazo`)
) ENGINE=InnoDB AUTO_INCREMENT=9 DEFAULT CHARSET=latin1;

--
-- Dumping data for table `plazos`
--

/*!40000 ALTER TABLE `plazos` DISABLE KEYS */;
SET AUTOCOMMIT=0;
INSERT INTO `plazos` (`IdPlazo`,`Plazo`,`Tasa`) VALUES 
 (1,1,'0.00'),
 (2,2,'0.00'),
 (3,3,'0.00'),
 (4,4,'0.00'),
 (5,5,'0.00'),
 (6,12,'0.00'),
 (7,18,'0.00'),
 (8,24,'0.00');
COMMIT;
/*!40000 ALTER TABLE `plazos` ENABLE KEYS */;


--
-- Definition of table `recaudos`
--

DROP TABLE IF EXISTS `recaudos`;
CREATE TABLE `recaudos` (
  `IdRecaudo` int(11) NOT NULL DEFAULT '0',
  `IdAdjudicacion` varchar(15) NOT NULL DEFAULT '',
  `IdFinanciacion` varchar(20) DEFAULT NULL,
  `Recibo` varchar(12) DEFAULT NULL,
  `Fecha` date DEFAULT NULL,
  `NumCuota` int(11) DEFAULT NULL,
  `Concepto` varchar(2) DEFAULT NULL,
  `Capital` decimal(16,2) NOT NULL DEFAULT '0.00',
  `InteresCte` decimal(16,2) NOT NULL DEFAULT '0.00',
  `InteresMora` decimal(16,2) NOT NULL DEFAULT '0.00',
  `InteresCnd` decimal(16,2) NOT NULL DEFAULT '0.00',
  `VrMoraCalc` decimal(16,2) DEFAULT '0.00',
  `FechaOperacion` date DEFAULT NULL,
  `Usuario` varchar(12) DEFAULT 'Jeve',
  `Estado` varchar(20) DEFAULT 'Aprobado',
  `Periodo` int(11) DEFAULT '0',
  `FechaCuota` date DEFAULT NULL,
  KEY `IdRecaudo` (`IdRecaudo`),
  KEY `IdAdjudicacion` (`IdAdjudicacion`),
  CONSTRAINT `recaudos_ibfk_1` FOREIGN KEY (`IdAdjudicacion`) REFERENCES `adjudicacion` (`IdAdjudicacion`) ON UPDATE CASCADE,
  CONSTRAINT `IdRecaudo` FOREIGN KEY (`IdRecaudo`) REFERENCES `datosrecaudos` (`IdRecaudo`) ON UPDATE CASCADE
) ENGINE=InnoDB DEFAULT CHARSET=latin1;

--
-- Dumping data for table `recaudos`
--

/*!40000 ALTER TABLE `recaudos` DISABLE KEYS */;
SET AUTOCOMMIT=0;
INSERT INTO `recaudos` (`IdRecaudo`,`IdAdjudicacion`,`IdFinanciacion`,`Recibo`,`Fecha`,`NumCuota`,`Concepto`,`Capital`,`InteresCte`,`InteresMora`,`InteresCnd`,`VrMoraCalc`,`FechaOperacion`,`Usuario`,`Estado`,`Periodo`,`FechaCuota`) VALUES 
 (1,'1','GA1ADJ1','0004','2019-07-03',1,'GA','690580.00','0.00','0.00','0.00','0.00','2019-08-06','Jeve','Aprobado',201907,'2019-08-01'),
 (1,'1','CO1ADJ1','0004','2019-07-03',1,'CO','1076020.00','0.00','0.00','0.00','0.00','2019-08-06','Jeve','Aprobado',201907,'2019-08-01'),
 (13,'16','GA1ADJ16','0001','2019-06-16',1,'GA','500000.00','0.00','0.00','0.00','0.00','2019-08-09','jvillalba','Aprobado',201906,'2019-08-09'),
 (14,'14','GA1ADJ14','0002','2019-06-16',1,'GA','500000.00','0.00','0.00','0.00','0.00','2019-08-09','jvillalba','Aprobado',201906,'2019-08-09'),
 (15,'7','GA1ADJ7','0005','2019-07-05',1,'GA','200000.00','0.00','0.00','0.00','0.00','2019-08-09','jvillalba','Aprobado',201907,'2019-07-28'),
 (16,'10','GA1ADJ10','0006','2019-07-06',1,'GA','480000.00','0.00','0.00','0.00','0.00','2019-08-09','jvillalba','Aprobado',201907,'2019-08-09'),
 (17,'10','GA1ADJ10','0007','2019-07-08',1,'GA','200000.00','0.00','0.00','0.00','0.00','2019-08-09','jvillalba','Aprobado',201907,'2019-08-09'),
 (18,'13','GA1ADJ13','0008','2019-07-08',1,'GA','599000.00','0.00','0.00','0.00','0.00','2019-08-09','jvillalba','Aprobado',201907,'2019-08-09'),
 (18,'13','FN1ADJ13','0008','2019-07-08',1,'FN','220875.00','0.00','0.00','0.00','0.00','2019-08-09','jvillalba','Aprobado',201907,'2019-08-15'),
 (18,'13','FN2ADJ13','0008','2019-07-08',2,'FN','220875.00','0.00','0.00','0.00','0.00','2019-08-09','jvillalba','Aprobado',201907,'2019-09-15'),
 (18,'13','FN3ADJ13','0008','2019-07-08',3,'FN','220875.00','0.00','0.00','0.00','0.00','2019-08-09','jvillalba','Aprobado',201907,'2019-10-15'),
 (18,'13','FN4ADJ13','0008','2019-07-08',4,'FN','220875.00','0.00','0.00','0.00','0.00','2019-08-09','jvillalba','Aprobado',201907,'2019-11-15'),
 (18,'13','FN5ADJ13','0008','2019-07-08',5,'FN','220875.00','0.00','0.00','0.00','0.00','2019-08-09','jvillalba','Aprobado',201907,'2019-12-15'),
 (18,'13','FN6ADJ13','0008','2019-07-08',6,'FN','66625.00','0.00','0.00','0.00','0.00','2019-08-09','jvillalba','Aprobado',201907,'2020-01-15'),
 (19,'9','GA1ADJ9','0009','2019-07-16',1,'GA','599000.00','0.00','0.00','0.00','0.00','2019-08-09','jvillalba','Aprobado',201907,'2019-08-06'),
 (19,'9','FN1ADJ9','0009','2019-07-16',1,'FN','401000.00','0.00','0.00','0.00','0.00','2019-08-09','jvillalba','Aprobado',201907,'2019-08-16'),
 (20,'15','GA1ADJ15','0010','2019-07-17',1,'GA','200000.00','0.00','0.00','0.00','0.00','2019-08-09','jvillalba','Aprobado',201907,'2019-08-09'),
 (21,'12','GA1ADJ12','0013','2019-07-28',1,'GA','500000.00','0.00','0.00','0.00','0.00','2019-08-09','jvillalba','Aprobado',201907,'2019-08-09'),
 (23,'14','FN1ADJ14','0018','2019-08-02',1,'FN','297000.00','0.00','0.00','0.00','0.00','2019-08-09','EBURGOS','Aprobado',201908,'2019-07-16'),
 (23,'14','GA1ADJ14','0018','2019-08-02',1,'GA','99000.00','0.00','0.00','0.00','0.00','2019-08-09','EBURGOS','Aprobado',201908,'2019-08-09'),
 (23,'14','FN2ADJ14','0018','2019-08-02',2,'FN','104000.00','0.00','0.00','0.00','0.00','2019-08-09','EBURGOS','Aprobado',201908,'2019-08-16'),
 (24,'6','GA1ADJ6','0012','2019-07-25',1,'GA','599000.00','0.00','0.00','0.00','0.00','2019-08-09','EBURGOS','Aprobado',201907,'2019-08-06'),
 (24,'6','CO1ADJ6','0012','2019-07-25',1,'CO','6251000.00','0.00','0.00','0.00','0.00','2019-08-09','EBURGOS','Aprobado',201907,'2019-08-06'),
 (25,'5','GA1ADJ5','0014','2019-07-28',1,'GA','599000.00','0.00','0.00','0.00','0.00','2019-08-09','EBURGOS','Aprobado',201907,'2019-08-06'),
 (25,'5','CO1ADJ5','0014','2019-07-28',1,'CO','891000.00','0.00','0.00','0.00','0.00','2019-08-09','EBURGOS','Aprobado',201907,'2019-08-06'),
 (26,'3','GA1ADJ3','0016','2019-07-30',1,'GA','500000.00','0.00','0.00','0.00','0.00','2019-08-09','EBURGOS','Aprobado',201907,'2019-08-06'),
 (27,'2','GA1ADJ2','0017','2019-07-31',1,'GA','300000.00','0.00','0.00','0.00','0.00','2019-08-09','EBURGOS','Aprobado',201907,'2019-08-06'),
 (28,'20','GA1ADJ20','0019','2019-08-09',1,'GA','599000.00','0.00','0.00','0.00','0.00','2019-08-10','eburgos','Aprobado',201908,'2019-08-10'),
 (28,'20','FN1ADJ20','0019','2019-08-09',1,'FN','1060200.00','0.00','0.00','0.00','0.00','2019-08-10','eburgos','Aprobado',201908,'2019-08-16'),
 (28,'20','FN2ADJ20','0019','2019-08-09',2,'FN','1060200.00','0.00','0.00','0.00','0.00','2019-08-10','eburgos','Aprobado',201908,'2019-09-16'),
 (28,'20','FN3ADJ20','0019','2019-08-09',3,'FN','230600.00','0.00','0.00','0.00','0.00','2019-08-10','eburgos','Aprobado',201908,'2019-10-16'),
 (12,'7','GA1ADJ7','0015','2019-07-29',1,'GA','491694.00','0.00','0.00','0.00','0.00','2019-08-09','EBURGOS','Aprobado',201907,'2019-07-28'),
 (12,'7','FN1ADJ7','0015','2019-07-29',1,'FN','538534.00','0.00','0.00','0.00','0.00','2019-08-09','EBURGOS','Aprobado',201907,'2019-07-29'),
 (12,'7','FN2ADJ7','0015','2019-07-29',2,'FN','538533.00','0.00','0.00','0.00','0.00','2019-08-09','EBURGOS','Aprobado',201907,'2019-08-29');
COMMIT;
/*!40000 ALTER TABLE `recaudos` ENABLE KEYS */;


--
-- Definition of table `tablacomision`
--

DROP TABLE IF EXISTS `tablacomision`;
CREATE TABLE `tablacomision` (
  `IdTablaComision` int(11) NOT NULL AUTO_INCREMENT,
  `IdCargo` int(11) NOT NULL DEFAULT '0',
  `NombreCargo` varchar(40) DEFAULT '',
  `IdTercero` varchar(40) DEFAULT NULL,
  `Comision` decimal(5,2) NOT NULL DEFAULT '0.00',
  `Comision2` decimal(5,2) NOT NULL DEFAULT '0.00',
  `Recaudo1` decimal(18,2) NOT NULL DEFAULT '0.00',
  `Anticipo1` decimal(18,2) NOT NULL DEFAULT '0.00',
  `Recaudo2` decimal(18,2) NOT NULL DEFAULT '0.00',
  `Anticipo2` decimal(18,2) NOT NULL DEFAULT '0.00',
  `Usuario` varchar(12) NOT NULL DEFAULT '',
  `FechaOperacion` date DEFAULT NULL,
  `TopeFondo` decimal(18,2) DEFAULT '0.00',
  PRIMARY KEY (`IdTablaComision`),
  UNIQUE KEY `IdCargo` (`IdCargo`),
  KEY `IdTercero` (`IdTercero`),
  CONSTRAINT `tablacomision_ibfk_1` FOREIGN KEY (`IdTercero`) REFERENCES `007guardian`.`terceros` (`IdTercero`) ON UPDATE CASCADE
) ENGINE=InnoDB AUTO_INCREMENT=16 DEFAULT CHARSET=latin1;

--
-- Dumping data for table `tablacomision`
--

/*!40000 ALTER TABLE `tablacomision` DISABLE KEYS */;
SET AUTOCOMMIT=0;
INSERT INTO `tablacomision` (`IdTablaComision`,`IdCargo`,`NombreCargo`,`IdTercero`,`Comision`,`Comision2`,`Recaudo1`,`Anticipo1`,`Recaudo2`,`Anticipo2`,`Usuario`,`FechaOperacion`,`TopeFondo`) VALUES 
 (1,1,'Director General','8-1007-295','2.00','0.00','0.00','0.00','0.00','0.00','','2019-08-01','0.00'),
 (2,2,'Director Comercial','71763847','2.00','0.00','0.00','0.00','0.00','0.00','','2019-08-01','0.00'),
 (3,3,'Director Proyecto','8-1007-293','2.00','0.00','0.00','0.00','0.00','0.00','','2019-08-01','0.00'),
 (4,4,'Gerente Ventas',NULL,'0.00','0.00','0.00','0.00','0.00','0.00','','2019-08-01','0.00'),
 (5,5,'Jefe De PostVentas',NULL,'0.00','0.00','0.00','0.00','0.00','0.00','','2019-08-01','0.00'),
 (6,6,'Jefe De Promocion',NULL,'0.00','0.00','0.00','0.00','0.00','0.00','','2019-08-01','0.00'),
 (7,7,'Gerente Tmk',NULL,'0.00','0.00','0.00','0.00','0.00','0.00','','2019-08-01','0.00'),
 (8,8,'Assor',NULL,'0.00','0.00','0.00','0.00','0.00','0.00','','2019-08-01','0.00'),
 (9,9,'Cerrador',NULL,'0.00','0.00','0.00','0.00','0.00','0.00','','2019-08-01','0.00'),
 (10,10,'Supervisor Tmk',NULL,'0.00','0.00','0.00','0.00','0.00','0.00','',NULL,'0.00'),
 (11,11,'Hostes',NULL,'0.00','0.00','0.00','0.00','0.00','0.00','',NULL,NULL),
 (12,12,'Jefe de sala',NULL,'0.00','0.00','0.00','0.00','0.00','0.00','',NULL,NULL),
 (13,13,'Tlmk',NULL,'0.00','0.00','0.00','0.00','0.00','0.00','',NULL,NULL),
 (14,14,'Confirmador TLMK',NULL,'0.00','0.00','0.00','0.00','0.00','0.00','',NULL,NULL),
 (15,15,'Jefe de Telemarketing',NULL,'0.00','0.00','0.00','0.00','0.00','0.00','',NULL,NULL);
COMMIT;
/*!40000 ALTER TABLE `tablacomision` ENABLE KEYS */;


--
-- Definition of procedure `Consultas`
--

DROP PROCEDURE IF EXISTS `Consultas`;

DELIMITER $$

/*!50003 SET @TEMP_SQL_MODE=@@SQL_MODE, SQL_MODE='STRICT_TRANS_TABLES,NO_AUTO_CREATE_USER,NO_ENGINE_SUBSTITUTION' */ $$
CREATE DEFINER=`root`@`%` PROCEDURE `Consultas`(Nombre Varchar(60))
BEGIN
IF Nombre='Canje'
THEN
SELECT  
a.Cliente,
a.Categoria,
r.*
From
(
SELECT Fecha,
Recibo,
IdAdjudicacion,
sum(Capital+InteresCte+InteresMora)As 
Valor, 
Estado 
From recaudos
Where Estado='Pendiente'
GROUP by Recibo
)r

join 
(
SELECT 
a.IdAdjudicacion,
a.Contrato,
a.IdTercero1,
t.NombreCompleto as Cliente,
a.Valor,
a.FormaPago,
a.Estado,
c.Nombre as Categoria,
c.Años
from adjudicacion a
left join categorias c on c.IdCategoria=a.IdCategoria
left join 007guardian.terceros t on t.idtercero=a.Idtercero1
)a on a.IdAdjudicacion =r.IdAdjudicacion;
END IF;


IF Nombre='Comision'
THEN
 SELECT  * FROM
(
SELECT
d.Cliente,
d.Valor,
d.Rcd Recaudo,
c.*,
cast((c.Comision1*d.BaseComision*d.Lqd1/100)as dec(10,2) )LqdCom1,
cast((c.Comision2*d.BaseComision*d.Lqd2/100)as dec(10,2) )LqdCom2,
if(p.PagoComision is null,0,p.PagoComision)PagoComision,

cast((c.Comision1*d.BaseComision*d.Lqd1/100)as dec(10,2) )+
cast((c.Comision2*d.BaseComision*d.Lqd2/100)as dec(10,2) )-
if(p.PagoComision is null,0,p.PagoComision)  ComisionPagar
From

(
-- Inicio Tabla Comision
SELECT
c.IdAdjudicacion,
c.LlaveComision,
c.IdTercero IdGestor,
c.Comision1,
c.Comision2,
t.NombreCompleto as Gestor,
c.IdCargo,
g.NombreCargo
FROM
comision c
LEFT JOIN 007guardian.terceros t
on t.idtercero=c.idtercero
LEFT JOIN tablacomision g
on g.IdCargo=c.IdCargo
-- Final Tabla Comision
)c


LEFT JOIN


(
-- Inicion Liquidacion
SELECT
t.*,
IF( Porcentaje >= 50, 1, 0 ) Lqd1,
IF( Porcentaje = 100, 1, 0 ) Lqd2 
FROM
(
SELECT
a.*,
r.Rcd,
( r.rcd / (a.Valor+a.GastoLegal) * 100 ) Porcentaje 
FROM
(
-- Inicio Datos de Adjudicacion
SELECT
a.IdAdjudicacion,
a.Contrato,
a.IdTercero1,
t.NombreCompleto AS Cliente,
a.Valor,
a.GastoLegal,
a.BaseComision,
a.FormaPago,
a.Estado,
c.Nombre AS Categoria,
c.Años 
FROM
adjudicacion a
LEFT JOIN categorias c ON c.IdCategoria = a.IdCategoria
LEFT JOIN 007guardian.terceros t ON t.idtercero = a.Idtercero1 
-- --Final Datos Adjudicacion
) a
LEFT JOIN ( SELECT IdAdjudicacion, SUM( Capital ) Rcd FROM recaudos WHERE Concepto != 'GA' AND Estado = 'Aprobado' GROUP BY IdAdjudicacion ) r ON r.idadjudicacion = a.idadjudicacion 
)t
-- Final Liquidacion
)d on d.idadjudicacion=c.idadjudicacion

left join 
(
select 
Id,
IdAdjudicacion,
IdCargo,
IdGestor,
sum(Comision)PagoComision
from pagocomision
group by Id
)p
on P.id=c.LlaveComision
)T
Where T.ComisionPagar>0;


END IF;


  IF Nombre='RsmComision'
THEN
 SELECT 
 IdAdjudicacion,
 Cliente,
 Valor, 
 Recaudo, 
sum(LqdCom1)TotalLqdCom1,
sum(LqdCom2)TotalLqdCom2,
sum(PagoComision)TotalPagoComision,
Sum(ComisionPagar)TotalPagar  
from
(
SELECT
d.Cliente,
d.Valor,
d.Rcd Recaudo,
c.*,
cast((c.Comision1*d.BaseComision*d.Lqd1/100)as dec(10,2) )LqdCom1,
cast((c.Comision2*d.BaseComision*d.Lqd2/100)as dec(10,2) )LqdCom2,
if(p.PagoComision is null,0,p.PagoComision)PagoComision,

cast((c.Comision1*d.BaseComision*d.Lqd1/100)as dec(10,2) )+
cast((c.Comision2*d.BaseComision*d.Lqd2/100)as dec(10,2) )-
if(p.PagoComision is null,0,p.PagoComision)  ComisionPagar
From

(
-- Inicio Tabla Comision
SELECT
c.IdAdjudicacion,
c.LlaveComision,
c.IdTercero IdGestor,
c.Comision1,
c.Comision2,
t.NombreCompleto as Gestor,
c.IdCargo,
g.NombreCargo
FROM
comision c
LEFT JOIN 007guardian.terceros t
on t.idtercero=c.idtercero
LEFT JOIN tablacomision g
on g.IdCargo=c.IdCargo
-- Final Tabla Comision
)c


LEFT JOIN


(
-- Inicion Liquidacion
SELECT
t.*,
IF( Porcentaje >= 50, 1, 0 ) Lqd1,
IF( Porcentaje = 100, 1, 0 ) Lqd2 
FROM
(
SELECT
a.*,
r.Rcd,
( r.rcd / (a.Valor+a.GastoLegal) * 100 ) Porcentaje 
FROM
(
-- Inicio Datos de Adjudicacion
SELECT
a.IdAdjudicacion,
a.Contrato,
a.IdTercero1,
t.NombreCompleto AS Cliente,
a.Valor,
a.GastoLegal,
a.BaseComision,
a.FormaPago,
a.Estado,
c.Nombre AS Categoria,
c.Años 
FROM
adjudicacion a
LEFT JOIN categorias c ON c.IdCategoria = a.IdCategoria
LEFT JOIN 007guardian.terceros t ON t.idtercero = a.Idtercero1 
-- --Final Datos Adjudicacion
) a
LEFT JOIN ( SELECT IdAdjudicacion, SUM( Capital ) Rcd FROM recaudos WHERE Concepto != 'GA' AND Estado = 'Aprobado' GROUP BY IdAdjudicacion ) r ON r.idadjudicacion = a.idadjudicacion 
)t
-- Final Liquidacion
)d on d.idadjudicacion=c.idadjudicacion

left join 
(
select 
Id,
IdAdjudicacion,
IdCargo,
IdGestor,
sum(Comision)PagoComision
from pagocomision
group by Id
)p
on P.id=c.LlaveComision
)T
Where T.ComisionPagar>0
group by IdAdjudicacion;
END IF;









END $$
/*!50003 SET SESSION SQL_MODE=@TEMP_SQL_MODE */  $$

DELIMITER ;

--
-- Definition of procedure `ConsultasConFecha`
--

DROP PROCEDURE IF EXISTS `ConsultasConFecha`;

DELIMITER $$

/*!50003 SET @TEMP_SQL_MODE=@@SQL_MODE, SQL_MODE='STRICT_TRANS_TABLES,NO_AUTO_CREATE_USER,NO_ENGINE_SUBSTITUTION' */ $$
CREATE DEFINER=`root`@`%` PROCEDURE `ConsultasConFecha`(Nombre Varchar(60),FechaInicial datetime,FechaFinal DateTime)
BEGIN
IF Nombre='Recaudos'
THEN
SELECT  
a.Cliente,
a.Categoria,
r.*
From
(
Select
IdAdjudicacion,
Fecha,
NumRecibo,
Operacion,
FormaPago,
Valor
From datosrecaudos
Where Fecha>=FechaInicial And Fecha <=FechaFinal
)r

join 
(
SELECT 
a.IdAdjudicacion,
a.Contrato,
a.IdTercero1,
t.NombreCompleto as Cliente,
a.Valor,
a.FormaPago,
a.Estado,
c.Nombre as Categoria,
c.Años
from adjudicacion a
left join categorias c on c.IdCategoria=a.IdCategoria
left join 007guardian.terceros t on t.idtercero=a.Idtercero1
)a on a.IdAdjudicacion =r.IdAdjudicacion;
END IF;


IF Nombre='ComisionPagada'
THEN

SELECT
p.Fecha,
p.IdAdjudicacion,
a.Cliente,
a.Categoria,
p.IdGestor,
g.NombreCompleto AS Asesor,
p.IdCargo,
t.NombreCargo,
p.TasaComision,
p.Comision 
FROM pagocomision p
LEFT JOIN tablacomision t ON t.idcargo = p.idCargo
LEFT JOIN 007guardian.terceros g ON g.idtercero = p.idgestor
LEFT JOIN
 -- INICIO DATOS DE ADJUDICACION
(
SELECT
a.IdAdjudicacion,
a.Contrato,
a.IdTercero1,
t.NombreCompleto AS Cliente,
a.Valor,
a.FormaPago,
a.Estado,
c.Nombre AS Categoria,
c.Años 
FROM
adjudicacion a
LEFT JOIN categorias c ON c.IdCategoria = a.IdCategoria
LEFT JOIN 007guardian.terceros t ON t.idtercero = a.Idtercero1 
) a ON a.IdAdjudicacion = P.IdAdjudicacion
-- FINAL DATOS DE ADJUDICACION
WHERE p.Fecha >= FechaInicial AND p.Fecha <= FechaFinal;
END IF;

END $$
/*!50003 SET SESSION SQL_MODE=@TEMP_SQL_MODE */  $$

DELIMITER ;

--
-- Definition of procedure `ConsultasConIdAdj`
--

DROP PROCEDURE IF EXISTS `ConsultasConIdAdj`;

DELIMITER $$

/*!50003 SET @TEMP_SQL_MODE=@@SQL_MODE, SQL_MODE='STRICT_TRANS_TABLES,NO_AUTO_CREATE_USER,NO_ENGINE_SUBSTITUTION' */ $$
CREATE DEFINER=`root`@`%` PROCEDURE `ConsultasConIdAdj`(Nombre Varchar(60),StrIdAdjudicacion Varchar (10))
BEGIN

IF Nombre='Comision'
THEN

SELECT  * FROM
(
SELECT
d.Cliente,
d.Valor,
d.Rcd Recaudo,
c.*,
cast((c.Comision1*d.BaseComision*d.Lqd1/100)as dec(10,2) )LqdCom1,
cast((c.Comision2*d.BaseComision*d.Lqd2/100)as dec(10,2) )LqdCom2,
if(p.PagoComision is null,0,p.PagoComision)PagoComision,

cast((c.Comision1*d.BaseComision*d.Lqd1/100)as dec(10,2) )+
cast((c.Comision2*d.BaseComision*d.Lqd2/100)as dec(10,2) )-
if(p.PagoComision is null,0,p.PagoComision)  ComisionPagar,
0.00 Pago
From

(
-- Inicio Tabla Comision
SELECT
c.IdAdjudicacion,
c.LlaveComision,
c.IdTercero IdGestor,
c.Comision1,
c.Comision2,
t.NombreCompleto as Gestor,
c.IdCargo,
g.NombreCargo
FROM
comision c
LEFT JOIN 007guardian.terceros t
on t.idtercero=c.idtercero
LEFT JOIN tablacomision g
on g.IdCargo=c.IdCargo
WHERE IdAdjudicacion=StrIdAdjudicacion
-- Final Tabla Comision
)c


LEFT JOIN


(
-- Inicion Liquidacion
SELECT
t.*,
IF( Porcentaje >= 50, 1, 0 ) Lqd1,
IF( Porcentaje = 100, 1, 0 ) Lqd2 
FROM
(
SELECT
a.*,
r.Rcd,
( r.rcd / (a.Valor+a.GastoLegal) * 100 ) Porcentaje 
FROM
(
-- Inicio Datos de Adjudicacion
SELECT
a.IdAdjudicacion,
a.Contrato,
a.IdTercero1,
t.NombreCompleto AS Cliente,
a.Valor,
a.GastoLegal,
a.BaseComision,
a.FormaPago,
a.Estado,
c.Nombre AS Categoria,
c.Años 
FROM
adjudicacion a
LEFT JOIN categorias c ON c.IdCategoria = a.IdCategoria
LEFT JOIN 007guardian.terceros t ON t.idtercero = a.Idtercero1 
Where IdAdjudicacion=StrIdAdjudicacion
-- --Final Datos Adjudicacion
) a
LEFT JOIN 
(
SELECT IdAdjudicacion, 
SUM( Capital ) Rcd
FROM recaudos 
WHERE  Estado = 'Aprobado'   
AND IdAdjudicacion=StrIdAdjudicacion
GROUP BY IdAdjudicacion 
) r ON r.idadjudicacion = a.idadjudicacion 
)t
-- Final Liquidacion
)d on d.idadjudicacion=c.idadjudicacion

left join 
(
select 
Id,
IdAdjudicacion,
IdCargo,
IdGestor,
sum(Comision)PagoComision
from pagocomision
WHERE IdAdjudicacion=StrIdAdjudicacion
group by Id
)p
on P.id=c.LlaveComision
)T
Where T.ComisionPagar>0
;
  
END IF;

IF Nombre='Recaudo'
THEN
SELECT 
d.IdRecaudo,
d.IdAdjudicacion,
d.Fecha,
d.FormaPago,
d.Operacion,
d.Detalle,
d.NumRecibo,
r.Estado,
d.Valor
FROM datosrecaudos d
LEFT JOIN
(
SELECT 
r.IdRecaudo,
r.IdAdjudicacion,
r.Fecha,
r.Recibo,
sum(r.Capital+r.InteresCte+r.InteresMora)As Valor, 
r.Estado 
From recaudos r
GROUP by Recibo
)r on r.IdRecaudo=d.IdRecaudo
where d.IdAdjudicacion=StrIdAdjudicacion
order by d.Fecha,d.NumRecibo;
END IF;




END $$
/*!50003 SET SESSION SQL_MODE=@TEMP_SQL_MODE */  $$

DELIMITER ;

--
-- Definition of view `viewrcddetallado`
--

DROP TABLE IF EXISTS `viewrcddetallado`;
DROP VIEW IF EXISTS `viewrcddetallado`;
CREATE ALGORITHM=UNDEFINED DEFINER=`root`@`%` SQL SECURITY DEFINER VIEW `viewrcddetallado` AS select `r`.`IdFinanciacion` AS `Id`,`r`.`Fecha` AS `Fecha`,`r`.`IdRecaudo` AS `IdRecaudo`,`r`.`Recibo` AS `Recibo`,`r`.`IdAdjudicacion` AS `IdAdjudicacion`,`r`.`NumCuota` AS `CuotaNum`,-(`r`.`Capital`) AS `Capital`,-(`r`.`InteresCte`) AS `InteresCte`,(-(`r`.`Capital`) - `r`.`InteresCte`) AS `Cuota`,-(`r`.`InteresMora`) AS `InteresMora`,`r`.`InteresCnd` AS `InteresCnd`,`r`.`VrMoraCalc` AS `MoraCalc`,((`r`.`VrMoraCalc` - `r`.`InteresCnd`) - `r`.`InteresMora`) AS `SaldoIntMora`,`r`.`Concepto` AS `concepto` from `recaudos` `r` where (`r`.`Estado` = 'Aprobado') union select `f`.`IdCuenta` AS `Id`,`f`.`Fecha` AS `Fecha`,NULL AS `IdRecaudo`,NULL AS `Recibo`,`f`.`IdAdjudicacion` AS `IdAdjudicacion`,`f`.`NumCuota` AS `CuotaNum`,0 AS `Capital`,0 AS `InteresCte`,0 AS `Cuota`,0 AS `InteresMora`,0 AS `InteresCnd`,0 AS `MoraCalc`,0 AS `SaldoIntMora`,`f`.`Concepto` AS `concepto` from `financiacion` `f`;

--
-- Definition of view `viewrcdresumido`
--

DROP TABLE IF EXISTS `viewrcdresumido`;
DROP VIEW IF EXISTS `viewrcdresumido`;
CREATE ALGORITHM=UNDEFINED DEFINER=`root`@`%` SQL SECURITY DEFINER VIEW `viewrcdresumido` AS select `r`.`Id` AS `Id`,max(`r`.`Fecha`) AS `Fecha`,`r`.`IdRecaudo` AS `IdRecaudo`,`r`.`Recibo` AS `Recibo`,`r`.`IdAdjudicacion` AS `IdAdjudicacion`,`r`.`CuotaNum` AS `CuotaNum`,sum(`r`.`Capital`) AS `Capital`,sum(`r`.`InteresCte`) AS `InteresCte`,sum(`r`.`Cuota`) AS `Cuota`,sum(`r`.`InteresMora`) AS `InteresMora`,sum(`r`.`InteresCnd`) AS `InteresCnd`,sum(`r`.`MoraCalc`) AS `MoraCalc`,sum(`r`.`SaldoIntMora`) AS `SaldoIntMora`,`r`.`concepto` AS `concepto` from `viewrcddetallado` `r` group by `r`.`Id`;



/*!40101 SET SQL_MODE=@OLD_SQL_MODE */;
/*!40014 SET FOREIGN_KEY_CHECKS=@OLD_FOREIGN_KEY_CHECKS */;
/*!40014 SET UNIQUE_CHECKS=@OLD_UNIQUE_CHECKS */;
/*!40101 SET CHARACTER_SET_CLIENT=@OLD_CHARACTER_SET_CLIENT */;
/*!40101 SET CHARACTER_SET_RESULTS=@OLD_CHARACTER_SET_RESULTS */;
/*!40101 SET COLLATION_CONNECTION=@OLD_COLLATION_CONNECTION */;
/*!40101 SET CHARACTER_SET_CLIENT=@OLD_CHARACTER_SET_CLIENT */;
